SampleID,EXPERIMENT,total_depth,substitution,value,celltype,genotype,replicate,x
230515_Einstein_PY_004_P0stock_Q192L_2_readcounts,exp2,35940128,AtoG.freq,0.1750132887673633,P0stock,Q192L,2,AtoG.freq_Q192L
230515_Einstein_PY_004_P0stock_Q192L_2_readcounts,exp2,35940128,AtoC.freq,0.03422358428996135,P0stock,Q192L,2,AtoC.freq_Q192L
230515_Einstein_PY_004_P0stock_Q192L_2_readcounts,exp2,35940128,AtoT.freq,0.030049976449722158,P0stock,Q192L,2,AtoT.freq_Q192L
230515_Einstein_PY_004_P0stock_Q192L_2_readcounts,exp2,35940128,CtoA.freq,0.12131286788961909,P0stock,Q192L,2,CtoA.freq_Q192L
230515_Einstein_PY_004_P0stock_Q192L_2_readcounts,exp2,35940128,CtoG.freq,0.007790734635113152,P0stock,Q192L,2,CtoG.freq_Q192L
230515_Einstein_PY_004_P0stock_Q192L_2_readcounts,exp2,35940128,CtoT.freq,0.12186934893498431,P0stock,Q192L,2,CtoT.freq_Q192L
230515_Einstein_PY_004_P0stock_Q192L_2_readcounts,exp2,35940128,GtoA.freq,0.32248076578914797,P0stock,Q192L,2,GtoA.freq_Q192L
230515_Einstein_PY_004_P0stock_Q192L_2_readcounts,exp2,35940128,GtoC.freq,0.00862545620316099,P0stock,Q192L,2,GtoC.freq_Q192L
230515_Einstein_PY_004_P0stock_Q192L_2_readcounts,exp2,35940128,GtoT.freq,0.10322723391524927,P0stock,Q192L,2,GtoT.freq_Q192L
230515_Einstein_PY_004_P0stock_Q192L_2_readcounts,exp2,35940128,TtoA.freq,0.02003331763314811,P0stock,Q192L,2,TtoA.freq_Q192L
230515_Einstein_PY_004_P0stock_Q192L_2_readcounts,exp2,35940128,TtoC.freq,0.12520823520717567,P0stock,Q192L,2,TtoC.freq_Q192L
230515_Einstein_PY_004_P0stock_Q192L_2_readcounts,exp2,35940128,TtoG.freq,0.027545811745578647,P0stock,Q192L,2,TtoG.freq_Q192L
230515_Einstein_PY_007_P0stock_C483Y_1_readcounts,exp2,35144189,AtoG.freq,0.14511645154196046,P0stock,C483Y,1,AtoG.freq_C483Y
230515_Einstein_PY_007_P0stock_C483Y_1_readcounts,exp2,35144189,AtoC.freq,0.042965851338894176,P0stock,C483Y,1,AtoC.freq_C483Y
230515_Einstein_PY_007_P0stock_C483Y_1_readcounts,exp2,35144189,AtoT.freq,0.02247882288591152,P0stock,C483Y,1,AtoT.freq_C483Y
230515_Einstein_PY_007_P0stock_C483Y_1_readcounts,exp2,35144189,CtoA.freq,0.12377579690343687,P0stock,C483Y,1,CtoA.freq_C483Y
230515_Einstein_PY_007_P0stock_C483Y_1_readcounts,exp2,35144189,CtoG.freq,0.012235308659420196,P0stock,C483Y,1,CtoG.freq_C483Y
230515_Einstein_PY_007_P0stock_C483Y_1_readcounts,exp2,35144189,CtoT.freq,0.09902063752274949,P0stock,C483Y,1,CtoT.freq_C483Y
230515_Einstein_PY_007_P0stock_C483Y_1_readcounts,exp2,35144189,GtoA.freq,0.2925092395786968,P0stock,C483Y,1,GtoA.freq_C483Y
230515_Einstein_PY_007_P0stock_C483Y_1_readcounts,exp2,35144189,GtoC.freq,0.005975383298786607,P0stock,C483Y,1,GtoC.freq_C483Y
230515_Einstein_PY_007_P0stock_C483Y_1_readcounts,exp2,35144189,GtoT.freq,0.11580861917172139,P0stock,C483Y,1,GtoT.freq_C483Y
230515_Einstein_PY_007_P0stock_C483Y_1_readcounts,exp2,35144189,TtoA.freq,0.037844094225648515,P0stock,C483Y,1,TtoA.freq_C483Y
230515_Einstein_PY_007_P0stock_C483Y_1_readcounts,exp2,35144189,TtoC.freq,0.10727235731631195,P0stock,C483Y,1,TtoC.freq_C483Y
230515_Einstein_PY_007_P0stock_C483Y_1_readcounts,exp2,35144189,TtoG.freq,0.028738748246545112,P0stock,C483Y,1,TtoG.freq_C483Y
230515_Einstein_PY_009_P0stock_WT_1_readcounts,exp2,35381281,AtoG.freq,0.13623022863417522,P0stock,WT,1,AtoG.freq_WT
230515_Einstein_PY_009_P0stock_WT_1_readcounts,exp2,35381281,AtoC.freq,0.03900367541808336,P0stock,WT,1,AtoC.freq_WT
230515_Einstein_PY_009_P0stock_WT_1_readcounts,exp2,35381281,AtoT.freq,0.016392849088759674,P0stock,WT,1,AtoT.freq_WT
230515_Einstein_PY_009_P0stock_WT_1_readcounts,exp2,35381281,CtoA.freq,0.11051041368456954,P0stock,WT,1,CtoA.freq_WT
230515_Einstein_PY_009_P0stock_WT_1_readcounts,exp2,35381281,CtoG.freq,0.006783247898797107,P0stock,WT,1,CtoG.freq_WT
230515_Einstein_PY_009_P0stock_WT_1_readcounts,exp2,35381281,CtoT.freq,0.09553074124139259,P0stock,WT,1,CtoT.freq_WT
230515_Einstein_PY_009_P0stock_WT_1_readcounts,exp2,35381281,GtoA.freq,0.2555023375213577,P0stock,WT,1,GtoA.freq_WT
230515_Einstein_PY_009_P0stock_WT_1_readcounts,exp2,35381281,GtoC.freq,0.005370071253214376,P0stock,WT,1,GtoC.freq_WT
230515_Einstein_PY_009_P0stock_WT_1_readcounts,exp2,35381281,GtoT.freq,0.11785893224159973,P0stock,WT,1,GtoT.freq_WT
230515_Einstein_PY_009_P0stock_WT_1_readcounts,exp2,35381281,TtoA.freq,0.026567720936955336,P0stock,WT,1,TtoA.freq_WT
230515_Einstein_PY_009_P0stock_WT_1_readcounts,exp2,35381281,TtoC.freq,0.09553074124139259,P0stock,WT,1,TtoC.freq_WT
230515_Einstein_PY_009_P0stock_WT_1_readcounts,exp2,35381281,TtoG.freq,0.02911143889900425,P0stock,WT,1,TtoG.freq_WT
230808_Einstein_PY_001_U2OS_WT_1_merge_ds_309k,exp1,27831070,AtoG.freq,0.19330913256299526,U2OS,WT,1,AtoG.freq_WT
230808_Einstein_PY_001_U2OS_WT_1_merge_ds_309k,exp1,27831070,AtoC.freq,0.05245935567694666,U2OS,WT,1,AtoC.freq_WT
230808_Einstein_PY_001_U2OS_WT_1_merge_ds_309k,exp1,27831070,AtoT.freq,0.042039346672621644,U2OS,WT,1,AtoT.freq_WT
230808_Einstein_PY_001_U2OS_WT_1_merge_ds_309k,exp1,27831070,CtoA.freq,0.08264145072395707,U2OS,WT,1,CtoA.freq_WT
230808_Einstein_PY_001_U2OS_WT_1_merge_ds_309k,exp1,27831070,CtoG.freq,0.009701387693681918,U2OS,WT,1,CtoG.freq_WT
230808_Einstein_PY_001_U2OS_WT_1_merge_ds_309k,exp1,27831070,CtoT.freq,0.13941253426476236,U2OS,WT,1,CtoT.freq_WT
230808_Einstein_PY_001_U2OS_WT_1_merge_ds_309k,exp1,27831070,GtoA.freq,0.34673478238529815,U2OS,WT,1,GtoA.freq_WT
230808_Einstein_PY_001_U2OS_WT_1_merge_ds_309k,exp1,27831070,GtoC.freq,0.01293518359157589,U2OS,WT,1,GtoC.freq_WT
230808_Einstein_PY_001_U2OS_WT_1_merge_ds_309k,exp1,27831070,GtoT.freq,0.051381423710982005,U2OS,WT,1,GtoT.freq_WT
230808_Einstein_PY_001_U2OS_WT_1_merge_ds_309k,exp1,27831070,TtoA.freq,0.03916486143004922,U2OS,WT,1,TtoA.freq_WT
230808_Einstein_PY_001_U2OS_WT_1_merge_ds_309k,exp1,27831070,TtoC.freq,0.13510080640090374,U2OS,WT,1,TtoC.freq_WT
230808_Einstein_PY_001_U2OS_WT_1_merge_ds_309k,exp1,27831070,TtoG.freq,0.011857251625611232,U2OS,WT,1,TtoG.freq_WT
230808_Einstein_PY_002_U2OS_WT_2_merge_ds_309k,exp1,29557994,AtoG.freq,0.20569731491250726,U2OS,WT,2,AtoG.freq_WT
230808_Einstein_PY_002_U2OS_WT_2_merge_ds_309k,exp1,29557994,AtoC.freq,0.05108601077596808,U2OS,WT,2,AtoC.freq_WT
230808_Einstein_PY_002_U2OS_WT_2_merge_ds_309k,exp1,29557994,AtoT.freq,0.019960759177365017,U2OS,WT,2,AtoT.freq_WT
230808_Einstein_PY_002_U2OS_WT_2_merge_ds_309k,exp1,29557994,CtoA.freq,0.05886732367561885,U2OS,WT,2,CtoA.freq_WT
230808_Einstein_PY_002_U2OS_WT_2_merge_ds_309k,exp1,29557994,CtoG.freq,0.006428041091015852,U2OS,WT,2,CtoG.freq_WT
230808_Einstein_PY_002_U2OS_WT_2_merge_ds_309k,exp1,29557994,CtoT.freq,0.16712906836641214,U2OS,WT,2,CtoT.freq_WT
230808_Einstein_PY_002_U2OS_WT_2_merge_ds_309k,exp1,29557994,GtoA.freq,0.32918336745044335,U2OS,WT,2,GtoA.freq_WT
230808_Einstein_PY_002_U2OS_WT_2_merge_ds_309k,exp1,29557994,GtoC.freq,0.012856082182031704,U2OS,WT,2,GtoC.freq_WT
230808_Einstein_PY_002_U2OS_WT_2_merge_ds_309k,exp1,29557994,GtoT.freq,0.05988227753209504,U2OS,WT,2,GtoT.freq_WT
230808_Einstein_PY_002_U2OS_WT_2_merge_ds_309k,exp1,29557994,TtoA.freq,0.04025983630688875,U2OS,WT,2,TtoA.freq_WT
230808_Einstein_PY_002_U2OS_WT_2_merge_ds_309k,exp1,29557994,TtoC.freq,0.12754586796384085,U2OS,WT,2,TtoC.freq_WT
230808_Einstein_PY_002_U2OS_WT_2_merge_ds_309k,exp1,29557994,TtoG.freq,0.00710467699533331,U2OS,WT,2,TtoG.freq_WT
230808_Einstein_PY_003_U2OS_WT_3_merge_ds_309k,exp1,29922903,AtoG.freq,0.18313731124282961,U2OS,WT,3,AtoG.freq_WT
230808_Einstein_PY_003_U2OS_WT_3_merge_ds_309k,exp1,29922903,AtoC.freq,0.05046301824391838,U2OS,WT,3,AtoC.freq_WT
230808_Einstein_PY_003_U2OS_WT_3_merge_ds_309k,exp1,29922903,AtoT.freq,0.02439602868745723,U2OS,WT,3,AtoT.freq_WT
230808_Einstein_PY_003_U2OS_WT_3_merge_ds_309k,exp1,29922903,CtoA.freq,0.05948620693653955,U2OS,WT,3,CtoA.freq_WT
230808_Einstein_PY_003_U2OS_WT_3_merge_ds_309k,exp1,29922903,CtoG.freq,0.008688996518820383,U2OS,WT,3,CtoG.freq_WT
230808_Einstein_PY_003_U2OS_WT_3_merge_ds_309k,exp1,29922903,CtoT.freq,0.15974385907677474,U2OS,WT,3,CtoT.freq_WT
230808_Einstein_PY_003_U2OS_WT_3_merge_ds_309k,exp1,29922903,GtoA.freq,0.3442179390148075,U2OS,WT,3,GtoA.freq_WT
230808_Einstein_PY_003_U2OS_WT_3_merge_ds_309k,exp1,29922903,GtoC.freq,0.010359957387824303,U2OS,WT,3,GtoC.freq_WT
230808_Einstein_PY_003_U2OS_WT_3_merge_ds_309k,exp1,29922903,GtoT.freq,0.06082297563174269,U2OS,WT,3,GtoT.freq_WT
230808_Einstein_PY_003_U2OS_WT_3_merge_ds_309k,exp1,29922903,TtoA.freq,0.05280236346052387,U2OS,WT,3,TtoA.freq_WT
230808_Einstein_PY_003_U2OS_WT_3_merge_ds_309k,exp1,29922903,TtoC.freq,0.13033494778230575,U2OS,WT,3,TtoC.freq_WT
230808_Einstein_PY_003_U2OS_WT_3_merge_ds_309k,exp1,29922903,TtoG.freq,0.009023188692621167,U2OS,WT,3,TtoG.freq_WT
230808_Einstein_PY_004_U2OS_Q192L_1_merge_ds_309k,exp1,26505164,AtoG.freq,0.2591947742711571,U2OS,Q192L,1,AtoG.freq_Q192L
230808_Einstein_PY_004_U2OS_Q192L_1_merge_ds_309k,exp1,26505164,AtoC.freq,0.05319718074560866,U2OS,Q192L,1,AtoC.freq_Q192L
230808_Einstein_PY_004_U2OS_Q192L_1_merge_ds_309k,exp1,26505164,AtoT.freq,0.04036949177149026,U2OS,Q192L,1,AtoT.freq_Q192L
230808_Einstein_PY_004_U2OS_Q192L_1_merge_ds_309k,exp1,26505164,CtoA.freq,0.07243871420678627,U2OS,Q192L,1,CtoA.freq_Q192L
230808_Einstein_PY_004_U2OS_Q192L_1_merge_ds_309k,exp1,26505164,CtoG.freq,0.008677554306021271,U2OS,Q192L,1,CtoG.freq_Q192L
230808_Einstein_PY_004_U2OS_Q192L_1_merge_ds_309k,exp1,26505164,CtoT.freq,0.14940484805149667,U2OS,Q192L,1,CtoT.freq_Q192L
230808_Einstein_PY_004_U2OS_Q192L_1_merge_ds_309k,exp1,26505164,GtoA.freq,0.3874716640123411,U2OS,Q192L,1,GtoA.freq_Q192L
230808_Einstein_PY_004_U2OS_Q192L_1_merge_ds_309k,exp1,26505164,GtoC.freq,0.006036559517232189,U2OS,Q192L,1,GtoC.freq_Q192L
230808_Einstein_PY_004_U2OS_Q192L_1_merge_ds_309k,exp1,26505164,GtoT.freq,0.04716062122837648,U2OS,Q192L,1,GtoT.freq_Q192L
230808_Einstein_PY_004_U2OS_Q192L_1_merge_ds_309k,exp1,26505164,TtoA.freq,0.04338777153010635,U2OS,Q192L,1,TtoA.freq_Q192L
230808_Einstein_PY_004_U2OS_Q192L_1_merge_ds_309k,exp1,26505164,TtoC.freq,0.17468294102990647,U2OS,Q192L,1,TtoC.freq_Q192L
230808_Einstein_PY_004_U2OS_Q192L_1_merge_ds_309k,exp1,26505164,TtoG.freq,0.004904704607751154,U2OS,Q192L,1,TtoG.freq_Q192L
230808_Einstein_PY_005_U2OS_Q192L_2_merge_ds_309k,exp1,26408642,AtoG.freq,0.2608994434473382,U2OS,Q192L,2,AtoG.freq_Q192L
230808_Einstein_PY_005_U2OS_Q192L_2_merge_ds_309k,exp1,26408642,AtoC.freq,0.04241035945733219,U2OS,Q192L,2,AtoC.freq_Q192L
230808_Einstein_PY_005_U2OS_Q192L_2_merge_ds_309k,exp1,26408642,AtoT.freq,0.042031695533606,U2OS,Q192L,2,AtoT.freq_Q192L
230808_Einstein_PY_005_U2OS_Q192L_2_merge_ds_309k,exp1,26408642,CtoA.freq,0.06626618665208155,U2OS,Q192L,2,CtoA.freq_Q192L
230808_Einstein_PY_005_U2OS_Q192L_2_merge_ds_309k,exp1,26408642,CtoG.freq,0.006437286703345064,U2OS,Q192L,2,CtoG.freq_Q192L
230808_Einstein_PY_005_U2OS_Q192L_2_merge_ds_309k,exp1,26408642,CtoT.freq,0.18175868338856652,U2OS,Q192L,2,CtoT.freq_Q192L
230808_Einstein_PY_005_U2OS_Q192L_2_merge_ds_309k,exp1,26408642,GtoA.freq,0.37979991549735875,U2OS,Q192L,2,GtoA.freq_Q192L
230808_Einstein_PY_005_U2OS_Q192L_2_merge_ds_309k,exp1,26408642,GtoC.freq,0.01249590948296395,U2OS,Q192L,2,GtoC.freq_Q192L
230808_Einstein_PY_005_U2OS_Q192L_2_merge_ds_309k,exp1,26408642,GtoT.freq,0.04733299046577253,U2OS,Q192L,2,GtoT.freq_Q192L
230808_Einstein_PY_005_U2OS_Q192L_2_merge_ds_309k,exp1,26408642,TtoA.freq,0.04392501515223691,U2OS,Q192L,2,TtoA.freq_Q192L
230808_Einstein_PY_005_U2OS_Q192L_2_merge_ds_309k,exp1,26408642,TtoC.freq,0.16964143782932875,U2OS,Q192L,2,TtoC.freq_Q192L
230808_Einstein_PY_005_U2OS_Q192L_2_merge_ds_309k,exp1,26408642,TtoG.freq,0.007194614550797424,U2OS,Q192L,2,TtoG.freq_Q192L
230808_Einstein_PY_006_U2OS_Q192L_3_merge_ds_309k,exp1,28496561,AtoG.freq,0.281086549355903,U2OS,Q192L,3,AtoG.freq_Q192L
230808_Einstein_PY_006_U2OS_Q192L_3_merge_ds_309k,exp1,28496561,AtoC.freq,0.05684896503827251,U2OS,Q192L,3,AtoC.freq_Q192L
230808_Einstein_PY_006_U2OS_Q192L_3_merge_ds_309k,exp1,28496561,AtoT.freq,0.05158517197917321,U2OS,Q192L,3,AtoT.freq_Q192L
230808_Einstein_PY_006_U2OS_Q192L_3_merge_ds_309k,exp1,28496561,CtoA.freq,0.07193850514102386,U2OS,Q192L,3,CtoA.freq_Q192L
230808_Einstein_PY_006_U2OS_Q192L_3_merge_ds_309k,exp1,28496561,CtoG.freq,0.010878505655471899,U2OS,Q192L,3,CtoG.freq_Q192L
230808_Einstein_PY_006_U2OS_Q192L_3_merge_ds_309k,exp1,28496561,CtoT.freq,0.17861804447210314,U2OS,Q192L,3,CtoT.freq_Q192L
230808_Einstein_PY_006_U2OS_Q192L_3_merge_ds_309k,exp1,28496561,GtoA.freq,0.42250712287703773,U2OS,Q192L,3,GtoA.freq_Q192L
230808_Einstein_PY_006_U2OS_Q192L_3_merge_ds_309k,exp1,28496561,GtoC.freq,0.00842206889455889,U2OS,Q192L,3,GtoC.freq_Q192L
230808_Einstein_PY_006_U2OS_Q192L_3_merge_ds_309k,exp1,28496561,GtoT.freq,0.05614712596372594,U2OS,Q192L,3,GtoT.freq_Q192L
230808_Einstein_PY_006_U2OS_Q192L_3_merge_ds_309k,exp1,28496561,TtoA.freq,0.0571998845755458,U2OS,Q192L,3,TtoA.freq_Q192L
230808_Einstein_PY_006_U2OS_Q192L_3_merge_ds_309k,exp1,28496561,TtoC.freq,0.18458367660574904,U2OS,Q192L,3,TtoC.freq_Q192L
230808_Einstein_PY_006_U2OS_Q192L_3_merge_ds_309k,exp1,28496561,TtoG.freq,0.005263793059099307,U2OS,Q192L,3,TtoG.freq_Q192L
230808_Einstein_PY_007_U2OS_C483Y_1_merge_ds_309k,exp1,27937459,AtoG.freq,0.22908311024277478,U2OS,C483Y,1,AtoG.freq_C483Y
230808_Einstein_PY_007_U2OS_C483Y_1_merge_ds_309k,exp1,27937459,AtoC.freq,0.03973160193273125,U2OS,C483Y,1,AtoC.freq_C483Y
230808_Einstein_PY_007_U2OS_C483Y_1_merge_ds_309k,exp1,27937459,AtoT.freq,0.04402691024978327,U2OS,C483Y,1,AtoT.freq_C483Y
230808_Einstein_PY_007_U2OS_C483Y_1_merge_ds_309k,exp1,27937459,CtoA.freq,0.055839008121676345,U2OS,C483Y,1,CtoA.freq_C483Y
230808_Einstein_PY_007_U2OS_C483Y_1_merge_ds_309k,exp1,27937459,CtoG.freq,0.010380328432875731,U2OS,C483Y,1,CtoG.freq_C483Y
230808_Einstein_PY_007_U2OS_C483Y_1_merge_ds_309k,exp1,27937459,CtoT.freq,0.15749463829190766,U2OS,C483Y,1,CtoT.freq_C483Y
230808_Einstein_PY_007_U2OS_C483Y_1_merge_ds_309k,exp1,27937459,GtoA.freq,0.324295777937428,U2OS,C483Y,1,GtoA.freq_C483Y
230808_Einstein_PY_007_U2OS_C483Y_1_merge_ds_309k,exp1,27937459,GtoC.freq,0.01288592495115608,U2OS,C483Y,1,GtoC.freq_C483Y
230808_Einstein_PY_007_U2OS_C483Y_1_merge_ds_309k,exp1,27937459,GtoT.freq,0.04438485260953761,U2OS,C483Y,1,GtoT.freq_C483Y
230808_Einstein_PY_007_U2OS_C483Y_1_merge_ds_309k,exp1,27937459,TtoA.freq,0.053691353963150334,U2OS,C483Y,1,TtoA.freq_C483Y
230808_Einstein_PY_007_U2OS_C483Y_1_merge_ds_309k,exp1,27937459,TtoC.freq,0.14031340502369954,U2OS,C483Y,1,TtoC.freq_C483Y
230808_Einstein_PY_007_U2OS_C483Y_1_merge_ds_309k,exp1,27937459,TtoG.freq,0.007874731914595383,U2OS,C483Y,1,TtoG.freq_C483Y
230808_Einstein_PY_008_U2OS_C483Y_2_merge_ds_309k,exp1,27007709,AtoG.freq,0.20845899961377692,U2OS,C483Y,2,AtoG.freq_C483Y
230808_Einstein_PY_008_U2OS_C483Y_2_merge_ds_309k,exp1,27007709,AtoC.freq,0.057391021208055816,U2OS,C483Y,2,AtoC.freq_C483Y
230808_Einstein_PY_008_U2OS_C483Y_2_merge_ds_309k,exp1,27007709,AtoT.freq,0.03739672994847508,U2OS,C483Y,2,AtoT.freq_C483Y
230808_Einstein_PY_008_U2OS_C483Y_2_merge_ds_309k,exp1,27007709,CtoA.freq,0.05998287377874221,U2OS,C483Y,2,CtoA.freq_C483Y
230808_Einstein_PY_008_U2OS_C483Y_2_merge_ds_309k,exp1,27007709,CtoG.freq,0.0029621172236415907,U2OS,C483Y,2,CtoG.freq_C483Y
230808_Einstein_PY_008_U2OS_C483Y_2_merge_ds_309k,exp1,27007709,CtoT.freq,0.13699792159342356,U2OS,C483Y,2,CtoT.freq_C483Y
230808_Einstein_PY_008_U2OS_C483Y_2_merge_ds_309k,exp1,27007709,GtoA.freq,0.3347192462714998,U2OS,C483Y,2,GtoA.freq_C483Y
230808_Einstein_PY_008_U2OS_C483Y_2_merge_ds_309k,exp1,27007709,GtoC.freq,0.010367410282745567,U2OS,C483Y,2,GtoC.freq_C483Y
230808_Einstein_PY_008_U2OS_C483Y_2_merge_ds_309k,exp1,27007709,GtoT.freq,0.046653346272355053,U2OS,C483Y,2,GtoT.freq_C483Y
230808_Einstein_PY_008_U2OS_C483Y_2_merge_ds_309k,exp1,27007709,TtoA.freq,0.04443175835462386,U2OS,C483Y,2,TtoA.freq_C483Y
230808_Einstein_PY_008_U2OS_C483Y_2_merge_ds_309k,exp1,27007709,TtoC.freq,0.1532895663234523,U2OS,C483Y,2,TtoC.freq_C483Y
230808_Einstein_PY_008_U2OS_C483Y_2_merge_ds_309k,exp1,27007709,TtoG.freq,0.007405293059103976,U2OS,C483Y,2,TtoG.freq_C483Y
230808_Einstein_PY_009_U2OS_C483Y_3_merge_ds_309k,exp1,27772218,AtoG.freq,0.2290058359760823,U2OS,C483Y,3,AtoG.freq_C483Y
230808_Einstein_PY_009_U2OS_C483Y_3_merge_ds_309k,exp1,27772218,AtoC.freq,0.05797160313231013,U2OS,C483Y,3,AtoC.freq_C483Y
230808_Einstein_PY_009_U2OS_C483Y_3_merge_ds_309k,exp1,27772218,AtoT.freq,0.045729152781387505,U2OS,C483Y,3,AtoT.freq_C483Y
230808_Einstein_PY_009_U2OS_C483Y_3_merge_ds_309k,exp1,27772218,CtoA.freq,0.0802960714192867,U2OS,C483Y,3,CtoA.freq_C483Y
230808_Einstein_PY_009_U2OS_C483Y_3_merge_ds_309k,exp1,27772218,CtoG.freq,0.010082017936053936,U2OS,C483Y,3,CtoG.freq_C483Y
230808_Einstein_PY_009_U2OS_C483Y_3_merge_ds_309k,exp1,27772218,CtoT.freq,0.1350270259292938,U2OS,C483Y,3,CtoT.freq_C483Y
230808_Einstein_PY_009_U2OS_C483Y_3_merge_ds_309k,exp1,27772218,GtoA.freq,0.3478296187938608,U2OS,C483Y,3,GtoA.freq_C483Y
230808_Einstein_PY_009_U2OS_C483Y_3_merge_ds_309k,exp1,27772218,GtoC.freq,0.016203243111515258,U2OS,C483Y,3,GtoC.freq_C483Y
230808_Einstein_PY_009_U2OS_C483Y_3_merge_ds_309k,exp1,27772218,GtoT.freq,0.05617124278658622,U2OS,C483Y,3,GtoT.freq_C483Y
230808_Einstein_PY_009_U2OS_C483Y_3_merge_ds_309k,exp1,27772218,TtoA.freq,0.04716944105796663,U2OS,C483Y,3,TtoA.freq_C483Y
230808_Einstein_PY_009_U2OS_C483Y_3_merge_ds_309k,exp1,27772218,TtoC.freq,0.14258853938133426,U2OS,C483Y,3,TtoC.freq_C483Y
230808_Einstein_PY_009_U2OS_C483Y_3_merge_ds_309k,exp1,27772218,TtoG.freq,0.002160432414868701,U2OS,C483Y,3,TtoG.freq_C483Y
230808_Einstein_PY_010_C636_WT_1_merge_ds_309k,exp1,27935915,AtoG.freq,0.15607149434697232,C636,WT,1,AtoG.freq_WT
230808_Einstein_PY_010_C636_WT_1_merge_ds_309k,exp1,27935915,AtoC.freq,0.031500668583792586,C636,WT,1,AtoC.freq_WT
230808_Einstein_PY_010_C636_WT_1_merge_ds_309k,exp1,27935915,AtoT.freq,0.020403842150865652,C636,WT,1,AtoT.freq_WT
230808_Einstein_PY_010_C636_WT_1_merge_ds_309k,exp1,27935915,CtoA.freq,0.05118858644866295,C636,WT,1,CtoA.freq_WT
230808_Einstein_PY_010_C636_WT_1_merge_ds_309k,exp1,27935915,CtoG.freq,0.002147772857985858,C636,WT,1,CtoG.freq_WT
230808_Einstein_PY_010_C636_WT_1_merge_ds_309k,exp1,27935915,CtoT.freq,0.12242305290519391,C636,WT,1,CtoT.freq_WT
230808_Einstein_PY_010_C636_WT_1_merge_ds_309k,exp1,27935915,GtoA.freq,0.30892132940696593,C636,WT,1,GtoA.freq_WT
230808_Einstein_PY_010_C636_WT_1_merge_ds_309k,exp1,27935915,GtoC.freq,0.0071592428599528595,C636,WT,1,GtoC.freq_WT
230808_Einstein_PY_010_C636_WT_1_merge_ds_309k,exp1,27935915,GtoT.freq,0.04295545715971716,C636,WT,1,GtoT.freq_WT
230808_Einstein_PY_010_C636_WT_1_merge_ds_309k,exp1,27935915,TtoA.freq,0.04617711644669595,C636,WT,1,TtoA.freq_WT
230808_Einstein_PY_010_C636_WT_1_merge_ds_309k,exp1,27935915,TtoC.freq,0.12779248505015856,C636,WT,1,TtoC.freq_WT
230808_Einstein_PY_010_C636_WT_1_merge_ds_309k,exp1,27935915,TtoG.freq,0.0035796214299764297,C636,WT,1,TtoG.freq_WT
230808_Einstein_PY_011_C636_WT_2_merge_ds_309k,exp1,27145557,AtoG.freq,0.1875076646981309,C636,WT,2,AtoG.freq_WT
230808_Einstein_PY_011_C636_WT_2_merge_ds_309k,exp1,27145557,AtoC.freq,0.0600466588326038,C636,WT,2,AtoC.freq_WT
230808_Einstein_PY_011_C636_WT_2_merge_ds_309k,exp1,27145557,AtoT.freq,0.03020752162130989,C636,WT,2,AtoT.freq_WT
230808_Einstein_PY_011_C636_WT_2_merge_ds_309k,exp1,27145557,CtoA.freq,0.06999303790303511,C636,WT,2,CtoA.freq_WT
230808_Einstein_PY_011_C636_WT_2_merge_ds_309k,exp1,27145557,CtoG.freq,0.008841225840383382,C636,WT,2,CtoG.freq_WT
230808_Einstein_PY_011_C636_WT_2_merge_ds_309k,exp1,27145557,CtoT.freq,0.13740738493595842,C636,WT,2,CtoT.freq_WT
230808_Einstein_PY_011_C636_WT_2_merge_ds_309k,exp1,27145557,GtoA.freq,0.3190208990738337,C636,WT,2,GtoA.freq_WT
230808_Einstein_PY_011_C636_WT_2_merge_ds_309k,exp1,27145557,GtoC.freq,0.007367688200319486,C636,WT,2,GtoC.freq_WT
230808_Einstein_PY_011_C636_WT_2_merge_ds_309k,exp1,27145557,GtoT.freq,0.04125905392178912,C636,WT,2,GtoT.freq_WT
230808_Einstein_PY_011_C636_WT_2_merge_ds_309k,exp1,27145557,TtoA.freq,0.04936351094214055,C636,WT,2,TtoA.freq_WT
230808_Einstein_PY_011_C636_WT_2_merge_ds_309k,exp1,27145557,TtoC.freq,0.11640947356504786,C636,WT,2,TtoC.freq_WT
230808_Einstein_PY_011_C636_WT_2_merge_ds_309k,exp1,27145557,TtoG.freq,0.007736072610335459,C636,WT,2,TtoG.freq_WT
230808_Einstein_PY_012_C636_WT_3_merge_ds_309k,exp1,28462020,AtoG.freq,0.19780746412236377,C636,WT,3,AtoG.freq_WT
230808_Einstein_PY_012_C636_WT_3_merge_ds_309k,exp1,28462020,AtoC.freq,0.042864139649961594,C636,WT,3,AtoC.freq_WT
230808_Einstein_PY_012_C636_WT_3_merge_ds_309k,exp1,28462020,AtoT.freq,0.018269961162278716,C636,WT,3,AtoT.freq_WT
230808_Einstein_PY_012_C636_WT_3_merge_ds_309k,exp1,28462020,CtoA.freq,0.04672893912659748,C636,WT,3,CtoA.freq_WT
230808_Einstein_PY_012_C636_WT_3_merge_ds_309k,exp1,28462020,CtoG.freq,0.0077295989532717635,C636,WT,3,CtoG.freq_WT
230808_Einstein_PY_012_C636_WT_3_merge_ds_309k,exp1,28462020,CtoT.freq,0.12191685621751373,C636,WT,3,CtoT.freq_WT
230808_Einstein_PY_012_C636_WT_3_merge_ds_309k,exp1,28462020,GtoA.freq,0.30742723109603604,C636,WT,3,GtoA.freq_WT
230808_Einstein_PY_012_C636_WT_3_merge_ds_309k,exp1,28462020,GtoC.freq,0.011243053022940748,C636,WT,3,GtoC.freq_WT
230808_Einstein_PY_012_C636_WT_3_merge_ds_309k,exp1,28462020,GtoT.freq,0.05059373860323336,C636,WT,3,GtoT.freq_WT
230808_Einstein_PY_012_C636_WT_3_merge_ds_309k,exp1,28462020,TtoA.freq,0.04672893912659748,C636,WT,3,TtoA.freq_WT
230808_Einstein_PY_012_C636_WT_3_merge_ds_309k,exp1,28462020,TtoC.freq,0.1282410735429179,C636,WT,3,TtoC.freq_WT
230808_Einstein_PY_012_C636_WT_3_merge_ds_309k,exp1,28462020,TtoG.freq,0.008080944360238661,C636,WT,3,TtoG.freq_WT
230808_Einstein_PY_013_C636_Q192L_1_merge_ds_309k,exp1,26724203,AtoG.freq,0.24285102160015773,C636,Q192L,1,AtoG.freq_Q192L
230808_Einstein_PY_013_C636_Q192L_1_merge_ds_309k,exp1,26724203,AtoC.freq,0.032180566806800565,C636,Q192L,1,AtoC.freq_Q192L
230808_Einstein_PY_013_C636_Q192L_1_merge_ds_309k,exp1,26724203,AtoT.freq,0.03292895208137732,C636,Q192L,1,AtoT.freq_Q192L
230808_Einstein_PY_013_C636_Q192L_1_merge_ds_309k,exp1,26724203,CtoA.freq,0.07334175690852221,C636,Q192L,1,CtoA.freq_Q192L
230808_Einstein_PY_013_C636_Q192L_1_merge_ds_309k,exp1,26724203,CtoG.freq,0.012722549667804874,C636,Q192L,1,CtoG.freq_Q192L
230808_Einstein_PY_013_C636_Q192L_1_merge_ds_309k,exp1,26724203,CtoT.freq,0.17100603524078903,C636,Q192L,1,CtoT.freq_Q192L
230808_Einstein_PY_013_C636_Q192L_1_merge_ds_309k,exp1,26724203,GtoA.freq,0.3985151587121233,C636,Q192L,1,GtoA.freq_Q192L
230808_Einstein_PY_013_C636_Q192L_1_merge_ds_309k,exp1,26724203,GtoC.freq,0.005612889559325679,C636,Q192L,1,GtoC.freq_Q192L
230808_Einstein_PY_013_C636_Q192L_1_merge_ds_309k,exp1,26724203,GtoT.freq,0.045277309111893815,C636,Q192L,1,GtoT.freq_Q192L
230808_Einstein_PY_013_C636_Q192L_1_merge_ds_309k,exp1,26724203,TtoA.freq,0.05538051031868004,C636,Q192L,1,TtoA.freq_Q192L
230808_Einstein_PY_013_C636_Q192L_1_merge_ds_309k,exp1,26724203,TtoC.freq,0.15641252238654227,C636,Q192L,1,TtoC.freq_Q192L
230808_Einstein_PY_013_C636_Q192L_1_merge_ds_309k,exp1,26724203,TtoG.freq,0.005612889559325679,C636,Q192L,1,TtoG.freq_Q192L
230808_Einstein_PY_014_C636_Q192L_2_merge_ds_309k,exp1,28692714,AtoG.freq,0.21782533363696444,C636,Q192L,2,AtoG.freq_Q192L
230808_Einstein_PY_014_C636_Q192L_2_merge_ds_309k,exp1,28692714,AtoC.freq,0.04356506672739289,C636,Q192L,2,AtoC.freq_Q192L
230808_Einstein_PY_014_C636_Q192L_2_merge_ds_309k,exp1,28692714,AtoT.freq,0.036943176584829165,C636,Q192L,2,AtoT.freq_Q192L
230808_Einstein_PY_014_C636_Q192L_2_merge_ds_309k,exp1,28692714,CtoA.freq,0.06412777822272232,C636,Q192L,2,CtoA.freq_Q192L
230808_Einstein_PY_014_C636_Q192L_2_merge_ds_309k,exp1,28692714,CtoG.freq,0.014289341886584865,C636,Q192L,2,CtoG.freq_Q192L
230808_Einstein_PY_014_C636_Q192L_2_merge_ds_309k,exp1,28692714,CtoT.freq,0.1432419393996678,C636,Q192L,2,CtoT.freq_Q192L
230808_Einstein_PY_014_C636_Q192L_2_merge_ds_309k,exp1,28692714,GtoA.freq,0.3941767237494508,C636,Q192L,2,GtoA.freq_Q192L
230808_Einstein_PY_014_C636_Q192L_2_merge_ds_309k,exp1,28692714,GtoC.freq,0.006273369608744576,C636,Q192L,2,GtoC.freq_Q192L
230808_Einstein_PY_014_C636_Q192L_2_merge_ds_309k,exp1,28692714,GtoT.freq,0.04635323099794603,C636,Q192L,2,GtoT.freq_Q192L
230808_Einstein_PY_014_C636_Q192L_2_merge_ds_309k,exp1,28692714,TtoA.freq,0.044959148862669454,C636,Q192L,2,TtoA.freq_Q192L
230808_Einstein_PY_014_C636_Q192L_2_merge_ds_309k,exp1,28692714,TtoC.freq,0.14707566527167837,C636,Q192L,2,TtoC.freq_Q192L
230808_Einstein_PY_014_C636_Q192L_2_merge_ds_309k,exp1,28692714,TtoG.freq,0.003485205338191431,C636,Q192L,2,TtoG.freq_Q192L
230808_Einstein_PY_015_C636_Q192L_3_merge_ds_309k,exp1,21125070,AtoG.freq,0.19171534106159174,C636,Q192L,3,AtoG.freq_Q192L
230808_Einstein_PY_015_C636_Q192L_3_merge_ds_309k,exp1,21125070,AtoC.freq,0.032189242449847506,C636,Q192L,3,AtoC.freq_Q192L
230808_Einstein_PY_015_C636_Q192L_3_merge_ds_309k,exp1,21125070,AtoT.freq,0.038343068212318344,C636,Q192L,3,AtoT.freq_Q192L
230808_Einstein_PY_015_C636_Q192L_3_merge_ds_309k,exp1,21125070,CtoA.freq,0.044496893974789196,C636,Q192L,3,CtoA.freq_Q192L
230808_Einstein_PY_015_C636_Q192L_3_merge_ds_309k,exp1,21125070,CtoG.freq,0.013727765162434966,C636,Q192L,3,CtoG.freq_Q192L
230808_Einstein_PY_015_C636_Q192L_3_merge_ds_309k,exp1,21125070,CtoT.freq,0.12165640161192366,C636,Q192L,3,CtoT.freq_Q192L
230808_Einstein_PY_015_C636_Q192L_3_merge_ds_309k,exp1,21125070,GtoA.freq,0.2854428411361477,C636,Q192L,3,GtoA.freq_Q192L
230808_Einstein_PY_015_C636_Q192L_3_merge_ds_309k,exp1,21125070,GtoC.freq,0.008047310612461877,C636,Q192L,3,GtoC.freq_Q192L
230808_Einstein_PY_015_C636_Q192L_3_merge_ds_309k,exp1,21125070,GtoT.freq,0.03928981063731386,C636,Q192L,3,GtoT.freq_Q192L
230808_Einstein_PY_015_C636_Q192L_3_merge_ds_309k,exp1,21125070,TtoA.freq,0.03502946972483405,C636,Q192L,3,TtoA.freq_Q192L
230808_Einstein_PY_015_C636_Q192L_3_merge_ds_309k,exp1,21125070,TtoC.freq,0.11550257584945281,C636,Q192L,3,TtoC.freq_Q192L
230808_Einstein_PY_015_C636_Q192L_3_merge_ds_309k,exp1,21125070,TtoG.freq,0.006627196974968603,C636,Q192L,3,TtoG.freq_Q192L
230808_Einstein_PY_016_C636_C483Y_1_merge_ds_309k,exp1,26814180,AtoG.freq,0.18012857376209154,C636,C483Y,1,AtoG.freq_C483Y
230808_Einstein_PY_016_C636_C483Y_1_merge_ds_309k,exp1,26814180,AtoC.freq,0.04475244068623393,C636,C483Y,1,AtoC.freq_C483Y
230808_Einstein_PY_016_C636_C483Y_1_merge_ds_309k,exp1,26814180,AtoT.freq,0.03281845650323821,C636,C483Y,1,AtoT.freq_C483Y
230808_Einstein_PY_016_C636_C483Y_1_merge_ds_309k,exp1,26814180,CtoA.freq,0.06936628306366259,C636,C483Y,1,CtoA.freq_C483Y
230808_Einstein_PY_016_C636_C483Y_1_merge_ds_309k,exp1,26814180,CtoG.freq,0.004102307062904776,C636,C483Y,1,CtoG.freq_C483Y
230808_Einstein_PY_016_C636_C483Y_1_merge_ds_309k,exp1,26814180,CtoT.freq,0.13052795200151562,C636,C483Y,1,CtoT.freq_C483Y
230808_Einstein_PY_016_C636_C483Y_1_merge_ds_309k,exp1,26814180,GtoA.freq,0.2856697463804599,C636,C483Y,1,GtoA.freq_C483Y
230808_Einstein_PY_016_C636_C483Y_1_merge_ds_309k,exp1,26814180,GtoC.freq,0.009696362148684018,C636,C483Y,1,GtoC.freq_C483Y
230808_Einstein_PY_016_C636_C483Y_1_merge_ds_309k,exp1,26814180,GtoT.freq,0.0488547477491387,C636,C483Y,1,GtoT.freq_C483Y
230808_Einstein_PY_016_C636_C483Y_1_merge_ds_309k,exp1,26814180,TtoA.freq,0.04437950368051531,C636,C483Y,1,TtoA.freq_C483Y
230808_Einstein_PY_016_C636_C483Y_1_merge_ds_309k,exp1,26814180,TtoC.freq,0.15029361330460225,C636,C483Y,1,TtoC.freq_C483Y
230808_Einstein_PY_016_C636_C483Y_1_merge_ds_309k,exp1,26814180,TtoG.freq,0.008204614125809553,C636,C483Y,1,TtoG.freq_C483Y
230808_Einstein_PY_017_C636_C483Y_2_merge_ds_309k,exp1,26994113,AtoG.freq,0.20671173748142788,C636,C483Y,2,AtoG.freq_C483Y
230808_Einstein_PY_017_C636_C483Y_2_merge_ds_309k,exp1,26994113,AtoC.freq,0.04519503937765986,C636,C483Y,2,AtoC.freq_C483Y
230808_Einstein_PY_017_C636_C483Y_2_merge_ds_309k,exp1,26994113,AtoT.freq,0.0307474448225063,C636,C483Y,2,AtoT.freq_C483Y
230808_Einstein_PY_017_C636_C483Y_2_merge_ds_309k,exp1,26994113,CtoA.freq,0.06408804764209144,C636,C483Y,2,CtoA.freq_C483Y
230808_Einstein_PY_017_C636_C483Y_2_merge_ds_309k,exp1,26994113,CtoG.freq,0.011854436558074718,C636,C483Y,2,CtoG.freq_C483Y
230808_Einstein_PY_017_C636_C483Y_2_merge_ds_309k,exp1,26994113,CtoT.freq,0.14595775012129497,C636,C483Y,2,CtoT.freq_C483Y
230808_Einstein_PY_017_C636_C483Y_2_merge_ds_309k,exp1,26994113,GtoA.freq,0.3311833213412124,C636,C483Y,2,GtoA.freq_C483Y
230808_Einstein_PY_017_C636_C483Y_2_merge_ds_309k,exp1,26994113,GtoC.freq,0.009261278560995873,C636,C483Y,2,GtoC.freq_C483Y
230808_Einstein_PY_017_C636_C483Y_2_merge_ds_309k,exp1,26994113,GtoT.freq,0.04852909965961837,C636,C483Y,2,GtoT.freq_C483Y
230808_Einstein_PY_017_C636_C483Y_2_merge_ds_309k,exp1,26994113,TtoA.freq,0.056679024793294744,C636,C483Y,2,TtoA.freq_C483Y
230808_Einstein_PY_017_C636_C483Y_2_merge_ds_309k,exp1,26994113,TtoC.freq,0.15410767525497135,C636,C483Y,2,TtoC.freq_C483Y
230808_Einstein_PY_017_C636_C483Y_2_merge_ds_309k,exp1,26994113,TtoG.freq,0.004445413709278019,C636,C483Y,2,TtoG.freq_C483Y
230808_Einstein_PY_018_C636_C483Y_3_merge_ds_309k,exp1,26797901,AtoG.freq,0.18770126809558704,C636,C483Y,3,AtoG.freq_C483Y
230808_Einstein_PY_018_C636_C483Y_3_merge_ds_309k,exp1,26797901,AtoC.freq,0.042167481699406234,C636,C483Y,3,AtoC.freq_C483Y
230808_Einstein_PY_018_C636_C483Y_3_merge_ds_309k,exp1,26797901,AtoT.freq,0.03918217326051021,C636,C483Y,3,AtoT.freq_C483Y
230808_Einstein_PY_018_C636_C483Y_3_merge_ds_309k,exp1,26797901,CtoA.freq,0.10299314114191258,C636,C483Y,3,CtoA.freq_C483Y
230808_Einstein_PY_018_C636_C483Y_3_merge_ds_309k,exp1,26797901,CtoG.freq,0.023136140401444127,C636,C483Y,3,CtoG.freq_C483Y
230808_Einstein_PY_018_C636_C483Y_3_merge_ds_309k,exp1,26797901,CtoT.freq,0.30076982521877366,C636,C483Y,3,CtoT.freq_C483Y
230808_Einstein_PY_018_C636_C483Y_3_merge_ds_309k,exp1,26797901,GtoA.freq,0.4679470977969506,C636,C483Y,3,GtoA.freq_C483Y
230808_Einstein_PY_018_C636_C483Y_3_merge_ds_309k,exp1,26797901,GtoC.freq,0.026494612395202146,C636,C483Y,3,GtoC.freq_C483Y
230808_Einstein_PY_018_C636_C483Y_3_merge_ds_309k,exp1,26797901,GtoT.freq,0.22874925913040725,C636,C483Y,3,GtoT.freq_C483Y
230808_Einstein_PY_018_C636_C483Y_3_merge_ds_309k,exp1,26797901,TtoA.freq,0.04552595369316425,C636,C483Y,3,TtoA.freq_C483Y
230808_Einstein_PY_018_C636_C483Y_3_merge_ds_309k,exp1,26797901,TtoC.freq,0.18919392231503504,C636,C483Y,3,TtoC.freq_C483Y
230808_Einstein_PY_018_C636_C483Y_3_merge_ds_309k,exp1,26797901,TtoG.freq,0.009702252426412053,C636,C483Y,3,TtoG.freq_C483Y
230808_Einstein_PY_019_RNA_WT_merge_ds_309k,exp1,25744242,AtoG.freq,0.14333302180736182,RNA,WT,merge,AtoG.freq_WT
230808_Einstein_PY_019_RNA_WT_merge_ds_309k,exp1,25744242,AtoC.freq,0.0497198558030957,RNA,WT,merge,AtoC.freq_WT
230808_Einstein_PY_019_RNA_WT_merge_ds_309k,exp1,25744242,AtoT.freq,0.01747963680577583,RNA,WT,merge,AtoT.freq_WT
230808_Einstein_PY_019_RNA_WT_merge_ds_309k,exp1,25744242,CtoA.freq,0.07263760183733511,RNA,WT,merge,CtoA.freq_WT
230808_Einstein_PY_019_RNA_WT_merge_ds_309k,exp1,25744242,CtoG.freq,0.0038843637346168513,RNA,WT,merge,CtoG.freq_WT
230808_Einstein_PY_019_RNA_WT_merge_ds_309k,exp1,25744242,CtoT.freq,0.10371251171426993,RNA,WT,merge,CtoT.freq_WT
230808_Einstein_PY_019_RNA_WT_merge_ds_309k,exp1,25744242,GtoA.freq,0.3313362265628174,RNA,WT,merge,GtoA.freq_WT
230808_Einstein_PY_019_RNA_WT_merge_ds_309k,exp1,25744242,GtoC.freq,0.018256509552699203,RNA,WT,merge,GtoC.freq_WT
230808_Einstein_PY_019_RNA_WT_merge_ds_309k,exp1,25744242,GtoT.freq,0.07535665645156692,RNA,WT,merge,GtoT.freq_WT
230808_Einstein_PY_019_RNA_WT_merge_ds_309k,exp1,25744242,TtoA.freq,0.03495927361155166,RNA,WT,merge,TtoA.freq_WT
230808_Einstein_PY_019_RNA_WT_merge_ds_309k,exp1,25744242,TtoC.freq,0.12429963950773924,RNA,WT,merge,TtoC.freq_WT
230808_Einstein_PY_019_RNA_WT_merge_ds_309k,exp1,25744242,TtoG.freq,0.007380291095772018,RNA,WT,merge,TtoG.freq_WT
230808_Einstein_PY_020_RNA_Q192L_merge_ds_309k,exp1,27546234,AtoG.freq,0.17098526063490202,RNA,Q192L,merge,AtoG.freq_Q192L
230808_Einstein_PY_020_RNA_Q192L_merge_ds_309k,exp1,27546234,AtoC.freq,0.06389258146866827,RNA,Q192L,merge,AtoC.freq_Q192L
230808_Einstein_PY_020_RNA_Q192L_merge_ds_309k,exp1,27546234,AtoT.freq,0.0257748482061105,RNA,Q192L,merge,AtoT.freq_Q192L
230808_Einstein_PY_020_RNA_Q192L_merge_ds_309k,exp1,27546234,CtoA.freq,0.07478336240082764,RNA,Q192L,merge,CtoA.freq_Q192L
230808_Einstein_PY_020_RNA_Q192L_merge_ds_309k,exp1,27546234,CtoG.freq,0.005445390466079683,RNA,Q192L,merge,CtoG.freq_Q192L
230808_Einstein_PY_020_RNA_Q192L_merge_ds_309k,exp1,27546234,CtoT.freq,0.1114489915390975,RNA,Q192L,merge,CtoT.freq_Q192L
230808_Einstein_PY_020_RNA_Q192L_merge_ds_309k,exp1,27546234,GtoA.freq,0.617144252822364,RNA,Q192L,merge,GtoA.freq_Q192L
230808_Einstein_PY_020_RNA_Q192L_merge_ds_309k,exp1,27546234,GtoC.freq,0.07442033636975566,RNA,Q192L,merge,GtoC.freq_Q192L
230808_Einstein_PY_020_RNA_Q192L_merge_ds_309k,exp1,27546234,GtoT.freq,0.0976540023583623,RNA,Q192L,merge,GtoT.freq_Q192L
230808_Einstein_PY_020_RNA_Q192L_merge_ds_309k,exp1,27546234,TtoA.freq,0.04174799357327756,RNA,Q192L,merge,TtoA.freq_Q192L
230808_Einstein_PY_020_RNA_Q192L_merge_ds_309k,exp1,27546234,TtoC.freq,0.14884067273951132,RNA,Q192L,merge,TtoC.freq_Q192L
230808_Einstein_PY_020_RNA_Q192L_merge_ds_309k,exp1,27546234,TtoG.freq,0.005445390466079683,RNA,Q192L,merge,TtoG.freq_Q192L
230808_Einstein_PY_021_RNA_C483Y_merge_ds_309k,exp1,28368008,AtoG.freq,0.17625488543291443,RNA,C483Y,merge,AtoG.freq_C483Y
230808_Einstein_PY_021_RNA_C483Y_merge_ds_309k,exp1,28368008,AtoC.freq,0.05534403402593513,RNA,C483Y,merge,AtoC.freq_C483Y
230808_Einstein_PY_021_RNA_C483Y_merge_ds_309k,exp1,28368008,AtoT.freq,0.018330508085023102,RNA,C483Y,merge,AtoT.freq_C483Y
230808_Einstein_PY_021_RNA_C483Y_merge_ds_309k,exp1,28368008,CtoA.freq,0.07755214959048234,RNA,C483Y,merge,CtoA.freq_C483Y
230808_Einstein_PY_021_RNA_C483Y_merge_ds_309k,exp1,28368008,CtoG.freq,0.008460234500779892,RNA,C483Y,merge,CtoG.freq_C483Y
230808_Einstein_PY_021_RNA_C483Y_merge_ds_309k,exp1,28368008,CtoT.freq,0.10575293125974866,RNA,C483Y,merge,CtoT.freq_C483Y
230808_Einstein_PY_021_RNA_C483Y_merge_ds_309k,exp1,28368008,GtoA.freq,1.1030030730391784,RNA,C483Y,merge,GtoA.freq_C483Y
230808_Einstein_PY_021_RNA_C483Y_merge_ds_309k,exp1,28368008,GtoC.freq,0.20727574526910736,RNA,C483Y,merge,GtoC.freq_C483Y
230808_Einstein_PY_021_RNA_C483Y_merge_ds_309k,exp1,28368008,GtoT.freq,0.15968692620222047,RNA,C483Y,merge,GtoT.freq_C483Y
230808_Einstein_PY_021_RNA_C483Y_merge_ds_309k,exp1,28368008,TtoA.freq,0.051113916775545186,RNA,C483Y,merge,TtoA.freq_C483Y
230808_Einstein_PY_021_RNA_C483Y_merge_ds_309k,exp1,28368008,TtoC.freq,0.14100390834633156,RNA,C483Y,merge,TtoC.freq_C483Y
230808_Einstein_PY_021_RNA_C483Y_merge_ds_309k,exp1,28368008,TtoG.freq,0.005992666104719091,RNA,C483Y,merge,TtoG.freq_C483Y
230808_Einstein_PY_025_plasmid_WT_1_merge_ds_309k,exp1,23606786,AtoG.freq,0.013131817266441945,plasmid,WT,1,AtoG.freq_WT
230808_Einstein_PY_025_plasmid_WT_1_merge_ds_309k,exp1,23606786,AtoC.freq,8.47214017189803e-4,plasmid,WT,1,AtoC.freq_WT
230808_Einstein_PY_025_plasmid_WT_1_merge_ds_309k,exp1,23606786,AtoT.freq,0,plasmid,WT,1,AtoT.freq_WT
230808_Einstein_PY_025_plasmid_WT_1_merge_ds_309k,exp1,23606786,CtoA.freq,0.00889574718049293,plasmid,WT,1,CtoA.freq_WT
230808_Einstein_PY_025_plasmid_WT_1_merge_ds_309k,exp1,23606786,CtoG.freq,0,plasmid,WT,1,CtoG.freq_WT
230808_Einstein_PY_025_plasmid_WT_1_merge_ds_309k,exp1,23606786,CtoT.freq,0.036430202739161525,plasmid,WT,1,CtoT.freq_WT
230808_Einstein_PY_025_plasmid_WT_1_merge_ds_309k,exp1,23606786,GtoA.freq,0.029652490601643103,plasmid,WT,1,GtoA.freq_WT
230808_Einstein_PY_025_plasmid_WT_1_merge_ds_309k,exp1,23606786,GtoC.freq,0,plasmid,WT,1,GtoC.freq_WT
230808_Einstein_PY_025_plasmid_WT_1_merge_ds_309k,exp1,23606786,GtoT.freq,0.01143738923206234,plasmid,WT,1,GtoT.freq_WT
230808_Einstein_PY_025_plasmid_WT_1_merge_ds_309k,exp1,23606786,TtoA.freq,8.47214017189803e-4,plasmid,WT,1,TtoA.freq_WT
230808_Einstein_PY_025_plasmid_WT_1_merge_ds_309k,exp1,23606786,TtoC.freq,0.011013782223467439,plasmid,WT,1,TtoC.freq_WT
230808_Einstein_PY_025_plasmid_WT_1_merge_ds_309k,exp1,23606786,TtoG.freq,0,plasmid,WT,1,TtoG.freq_WT
230808_Einstein_PY_026_plasmid_Q192L_1_merge_ds_309k,exp1,27444781,AtoG.freq,0.02477702409066409,plasmid,Q192L,1,AtoG.freq_Q192L
230808_Einstein_PY_026_plasmid_Q192L_1_merge_ds_309k,exp1,27444781,AtoC.freq,0,plasmid,Q192L,1,AtoC.freq_Q192L
230808_Einstein_PY_026_plasmid_Q192L_1_merge_ds_309k,exp1,27444781,AtoT.freq,0.002186208007999772,plasmid,Q192L,1,AtoT.freq_Q192L
230808_Einstein_PY_026_plasmid_Q192L_1_merge_ds_309k,exp1,27444781,CtoA.freq,0.01967587207199795,plasmid,Q192L,1,CtoA.freq_Q192L
230808_Einstein_PY_026_plasmid_Q192L_1_merge_ds_309k,exp1,27444781,CtoG.freq,0,plasmid,Q192L,1,CtoG.freq_Q192L
230808_Einstein_PY_026_plasmid_Q192L_1_merge_ds_309k,exp1,27444781,CtoT.freq,0.042995424157328856,plasmid,Q192L,1,CtoT.freq_Q192L
230808_Einstein_PY_026_plasmid_Q192L_1_merge_ds_309k,exp1,27444781,GtoA.freq,0.01967587207199795,plasmid,Q192L,1,GtoA.freq_Q192L
230808_Einstein_PY_026_plasmid_Q192L_1_merge_ds_309k,exp1,27444781,GtoC.freq,7.287360026665907e-4,plasmid,Q192L,1,GtoC.freq_Q192L
230808_Einstein_PY_026_plasmid_Q192L_1_merge_ds_309k,exp1,27444781,GtoT.freq,0.012752880046665338,plasmid,Q192L,1,GtoT.freq_Q192L
230808_Einstein_PY_026_plasmid_Q192L_1_merge_ds_309k,exp1,27444781,TtoA.freq,7.287360026665907e-4,plasmid,Q192L,1,TtoA.freq_Q192L
230808_Einstein_PY_026_plasmid_Q192L_1_merge_ds_309k,exp1,27444781,TtoC.freq,0.016760928061331587,plasmid,Q192L,1,TtoC.freq_Q192L
230808_Einstein_PY_026_plasmid_Q192L_1_merge_ds_309k,exp1,27444781,TtoG.freq,0,plasmid,Q192L,1,TtoG.freq_Q192L
230808_Einstein_PY_027_plasmid_C483Y_1_merge_ds_309k,exp1,29618978,AtoG.freq,0.0175563113622624,plasmid,C483Y,1,AtoG.freq_C483Y
230808_Einstein_PY_027_plasmid_C483Y_1_merge_ds_309k,exp1,29618978,AtoC.freq,0,plasmid,C483Y,1,AtoC.freq_C483Y
230808_Einstein_PY_027_plasmid_C483Y_1_merge_ds_309k,exp1,29618978,AtoT.freq,0,plasmid,C483Y,1,AtoT.freq_C483Y
230808_Einstein_PY_027_plasmid_C483Y_1_merge_ds_309k,exp1,29618978,CtoA.freq,0.0162058258728576,plasmid,C483Y,1,CtoA.freq_C483Y
230808_Einstein_PY_027_plasmid_C483Y_1_merge_ds_309k,exp1,29618978,CtoG.freq,0,plasmid,C483Y,1,CtoG.freq_C483Y
230808_Einstein_PY_027_plasmid_C483Y_1_merge_ds_309k,exp1,29618978,CtoT.freq,0.0229582533198816,plasmid,C483Y,1,CtoT.freq_C483Y
230808_Einstein_PY_027_plasmid_C483Y_1_merge_ds_309k,exp1,29618978,GtoA.freq,0.025321602926339996,plasmid,C483Y,1,GtoA.freq_C483Y
230808_Einstein_PY_027_plasmid_C483Y_1_merge_ds_309k,exp1,29618978,GtoC.freq,6.752427447024e-4,plasmid,C483Y,1,GtoC.freq_C483Y
230808_Einstein_PY_027_plasmid_C483Y_1_merge_ds_309k,exp1,29618978,GtoT.freq,0.0195820395963696,plasmid,C483Y,1,GtoT.freq_C483Y
230808_Einstein_PY_027_plasmid_C483Y_1_merge_ds_309k,exp1,29618978,TtoA.freq,0,plasmid,C483Y,1,TtoA.freq_C483Y
230808_Einstein_PY_027_plasmid_C483Y_1_merge_ds_309k,exp1,29618978,TtoC.freq,0.012154369404643199,plasmid,C483Y,1,TtoC.freq_C483Y
230808_Einstein_PY_027_plasmid_C483Y_1_merge_ds_309k,exp1,29618978,TtoG.freq,0,plasmid,C483Y,1,TtoG.freq_C483Y
231018_Einstein_PY_001_U2OS_WT_1_readcounts,exp2,37654501,AtoG.freq,0.07117343023613565,U2OS,WT,1,AtoG.freq_WT
231018_Einstein_PY_001_U2OS_WT_1_readcounts,exp2,37654501,AtoC.freq,0.035321142617186725,U2OS,WT,1,AtoC.freq_WT
231018_Einstein_PY_001_U2OS_WT_1_readcounts,exp2,37654501,AtoT.freq,0.019917937566082736,U2OS,WT,1,AtoT.freq_WT
231018_Einstein_PY_001_U2OS_WT_1_readcounts,exp2,37654501,CtoA.freq,0.03611786011983003,U2OS,WT,1,CtoA.freq_WT
231018_Einstein_PY_001_U2OS_WT_1_readcounts,exp2,37654501,CtoG.freq,0.004780305015859856,U2OS,WT,1,CtoG.freq_WT
231018_Einstein_PY_001_U2OS_WT_1_readcounts,exp2,37654501,CtoT.freq,0.0916225128039806,U2OS,WT,1,CtoT.freq_WT
231018_Einstein_PY_001_U2OS_WT_1_readcounts,exp2,37654501,GtoA.freq,0.2724773859040119,U2OS,WT,1,GtoA.freq_WT
231018_Einstein_PY_001_U2OS_WT_1_readcounts,exp2,37654501,GtoC.freq,0.009826182532600817,U2OS,WT,1,GtoC.freq_WT
231018_Einstein_PY_001_U2OS_WT_1_readcounts,exp2,37654501,GtoT.freq,0.023901525079299286,U2OS,WT,1,GtoT.freq_WT
231018_Einstein_PY_001_U2OS_WT_1_readcounts,exp2,37654501,TtoA.freq,0.023104807576655974,U2OS,WT,1,TtoA.freq_WT
231018_Einstein_PY_001_U2OS_WT_1_readcounts,exp2,37654501,TtoC.freq,0.08232747527314198,U2OS,WT,1,TtoC.freq_WT
231018_Einstein_PY_001_U2OS_WT_1_readcounts,exp2,37654501,TtoG.freq,0.011154045037006333,U2OS,WT,1,TtoG.freq_WT
231018_Einstein_PY_002_U2OS_WT_2_readcounts,exp2,38152906,AtoG.freq,0.07863096981393763,U2OS,WT,2,AtoG.freq_WT
231018_Einstein_PY_002_U2OS_WT_2_readcounts,exp2,38152906,AtoC.freq,0.04691647865564945,U2OS,WT,2,AtoC.freq_WT
231018_Einstein_PY_002_U2OS_WT_2_readcounts,exp2,38152906,AtoT.freq,0.015201987497361276,U2OS,WT,2,AtoT.freq_WT
231018_Einstein_PY_002_U2OS_WT_2_readcounts,exp2,38152906,CtoA.freq,0.018871432755345034,U2OS,WT,2,CtoA.freq_WT
231018_Einstein_PY_002_U2OS_WT_2_readcounts,exp2,38152906,CtoG.freq,0.004717858188836258,U2OS,WT,2,CtoG.freq_WT
231018_Einstein_PY_002_U2OS_WT_2_readcounts,exp2,38152906,CtoT.freq,0.11716014502276706,U2OS,WT,2,CtoT.freq_WT
231018_Einstein_PY_002_U2OS_WT_2_readcounts,exp2,38152906,GtoA.freq,0.21911830254817286,U2OS,WT,2,GtoA.freq_WT
231018_Einstein_PY_002_U2OS_WT_2_readcounts,exp2,38152906,GtoC.freq,0.0039315484906968816,U2OS,WT,2,GtoC.freq_WT
231018_Einstein_PY_002_U2OS_WT_2_readcounts,exp2,38152906,GtoT.freq,0.021230361849763162,U2OS,WT,2,GtoT.freq_WT
231018_Einstein_PY_002_U2OS_WT_2_readcounts,exp2,38152906,TtoA.freq,0.01258095517023002,U2OS,WT,2,TtoA.freq_WT
231018_Einstein_PY_002_U2OS_WT_2_readcounts,exp2,38152906,TtoC.freq,0.08387303446820013,U2OS,WT,2,TtoC.freq_WT
231018_Einstein_PY_002_U2OS_WT_2_readcounts,exp2,38152906,TtoG.freq,0.019919845686197535,U2OS,WT,2,TtoG.freq_WT
231018_Einstein_PY_003_U2OS_WT_3_readcounts,exp2,38173095,AtoG.freq,0.09509315396092458,U2OS,WT,3,AtoG.freq_WT
231018_Einstein_PY_003_U2OS_WT_3_readcounts,exp2,38173095,AtoC.freq,0.03877076249646512,U2OS,WT,3,AtoC.freq_WT
231018_Einstein_PY_003_U2OS_WT_3_readcounts,exp2,38173095,AtoT.freq,0.015193947464830923,U2OS,WT,3,AtoT.freq_WT
231018_Einstein_PY_003_U2OS_WT_3_readcounts,exp2,38173095,CtoA.freq,0.03484129332452608,U2OS,WT,3,CtoA.freq_WT
231018_Einstein_PY_003_U2OS_WT_3_readcounts,exp2,38173095,CtoG.freq,0.0023576815031634193,U2OS,WT,3,CtoG.freq_WT
231018_Einstein_PY_003_U2OS_WT_3_readcounts,exp2,38173095,CtoT.freq,0.12233747355303519,U2OS,WT,3,CtoT.freq_WT
231018_Einstein_PY_003_U2OS_WT_3_readcounts,exp2,38173095,GtoA.freq,0.25070013316971024,U2OS,WT,3,GtoA.freq_WT
231018_Einstein_PY_003_U2OS_WT_3_readcounts,exp2,38173095,GtoC.freq,0.003929469171939032,U2OS,WT,3,GtoC.freq_WT
231018_Einstein_PY_003_U2OS_WT_3_readcounts,exp2,38173095,GtoT.freq,0.013884124407517913,U2OS,WT,3,GtoT.freq_WT
231018_Einstein_PY_003_U2OS_WT_3_readcounts,exp2,38173095,TtoA.freq,0.01467001824190572,U2OS,WT,3,TtoA.freq_WT
231018_Einstein_PY_003_U2OS_WT_3_readcounts,exp2,38173095,TtoC.freq,0.08540046333680829,U2OS,WT,3,TtoC.freq_WT
231018_Einstein_PY_003_U2OS_WT_3_readcounts,exp2,38173095,TtoG.freq,0.01938538124823256,U2OS,WT,3,TtoG.freq_WT
231018_Einstein_PY_004_U2OS_Q192L_1_readcounts,exp2,37935026,AtoG.freq,0.11018840477399436,U2OS,Q192L,1,AtoG.freq_Q192L
231018_Einstein_PY_004_U2OS_Q192L_1_readcounts,exp2,37935026,AtoC.freq,0.03268746935879258,U2OS,Q192L,1,AtoC.freq_Q192L
231018_Einstein_PY_004_U2OS_Q192L_1_readcounts,exp2,37935026,AtoT.freq,0.027678905505429206,U2OS,Q192L,1,AtoT.freq_Q192L
231018_Einstein_PY_004_U2OS_Q192L_1_readcounts,exp2,37935026,CtoA.freq,0.0413865539462132,U2OS,Q192L,1,CtoA.freq_Q192L
231018_Einstein_PY_004_U2OS_Q192L_1_readcounts,exp2,37935026,CtoG.freq,0.0036905207340572274,U2OS,Q192L,1,CtoG.freq_Q192L
231018_Einstein_PY_004_U2OS_Q192L_1_readcounts,exp2,37935026,CtoT.freq,0.13233152917833774,U2OS,Q192L,1,CtoT.freq_Q192L
231018_Einstein_PY_004_U2OS_Q192L_1_readcounts,exp2,37935026,GtoA.freq,0.34928142661613043,U2OS,Q192L,1,GtoA.freq_Q192L
231018_Einstein_PY_004_U2OS_Q192L_1_readcounts,exp2,37935026,GtoC.freq,0.007117432844253224,U2OS,Q192L,1,GtoC.freq_Q192L
231018_Einstein_PY_004_U2OS_Q192L_1_readcounts,exp2,37935026,GtoT.freq,0.03136942623948643,U2OS,Q192L,1,GtoT.freq_Q192L
231018_Einstein_PY_004_U2OS_Q192L_1_readcounts,exp2,37935026,TtoA.freq,0.018716212294147366,U2OS,Q192L,1,TtoA.freq_Q192L
231018_Einstein_PY_004_U2OS_Q192L_1_readcounts,exp2,37935026,TtoC.freq,0.11466975137963527,U2OS,Q192L,1,TtoC.freq_Q192L
231018_Einstein_PY_004_U2OS_Q192L_1_readcounts,exp2,37935026,TtoG.freq,0.03057860036790274,U2OS,Q192L,1,TtoG.freq_Q192L
231018_Einstein_PY_005_U2OS_Q192L_2_readcounts,exp2,37966387,AtoG.freq,0.0913966346073436,U2OS,Q192L,2,AtoG.freq_Q192L
231018_Einstein_PY_005_U2OS_Q192L_2_readcounts,exp2,37966387,AtoC.freq,0.03187029621754633,U2OS,Q192L,2,AtoC.freq_Q192L
231018_Einstein_PY_005_U2OS_Q192L_2_readcounts,exp2,37966387,AtoT.freq,0.027656042172250945,U2OS,Q192L,2,AtoT.freq_Q192L
231018_Einstein_PY_005_U2OS_Q192L_2_readcounts,exp2,37966387,CtoA.freq,0.0334506414845321,U2OS,Q192L,2,CtoA.freq_Q192L
231018_Einstein_PY_005_U2OS_Q192L_2_readcounts,exp2,37966387,CtoG.freq,0.0036874722896334594,U2OS,Q192L,2,CtoG.freq_Q192L
231018_Einstein_PY_005_U2OS_Q192L_2_readcounts,exp2,37966387,CtoT.freq,0.1522399273862957,U2OS,Q192L,2,CtoT.freq_Q192L
231018_Einstein_PY_005_U2OS_Q192L_2_readcounts,exp2,37966387,GtoA.freq,0.3492563040038548,U2OS,Q192L,2,GtoA.freq_Q192L
231018_Einstein_PY_005_U2OS_Q192L_2_readcounts,exp2,37966387,GtoC.freq,0.006584771945774034,U2OS,Q192L,2,GtoC.freq_Q192L
231018_Einstein_PY_005_U2OS_Q192L_2_readcounts,exp2,37966387,GtoT.freq,0.027919433050081904,U2OS,Q192L,2,GtoT.freq_Q192L
231018_Einstein_PY_005_U2OS_Q192L_2_readcounts,exp2,37966387,TtoA.freq,0.023705179004786525,U2OS,Q192L,2,TtoA.freq_Q192L
231018_Einstein_PY_005_U2OS_Q192L_2_readcounts,exp2,37966387,TtoC.freq,0.1274811848701853,U2OS,Q192L,2,TtoC.freq_Q192L
231018_Einstein_PY_005_U2OS_Q192L_2_readcounts,exp2,37966387,TtoG.freq,0.020017706715153065,U2OS,Q192L,2,TtoG.freq_Q192L
231018_Einstein_PY_006_U2OS_Q192L_3_readcounts,exp2,39186435,AtoG.freq,0.11049742085494635,U2OS,Q192L,3,AtoG.freq_Q192L
231018_Einstein_PY_006_U2OS_Q192L_3_readcounts,exp2,39186435,AtoC.freq,0.03700260051724532,U2OS,Q192L,3,AtoC.freq_Q192L
231018_Einstein_PY_006_U2OS_Q192L_3_readcounts,exp2,39186435,AtoT.freq,0.02985727076219105,U2OS,Q192L,3,AtoT.freq_Q192L
231018_Einstein_PY_006_U2OS_Q192L_3_readcounts,exp2,39186435,CtoA.freq,0.03317474529132339,U2OS,Q192L,3,CtoA.freq_Q192L
231018_Einstein_PY_006_U2OS_Q192L_3_readcounts,exp2,39186435,CtoG.freq,0.004593426271106316,U2OS,Q192L,3,CtoG.freq_Q192L
231018_Einstein_PY_006_U2OS_Q192L_3_readcounts,exp2,39186435,CtoT.freq,0.16102510983711585,U2OS,Q192L,3,CtoT.freq_Q192L
231018_Einstein_PY_006_U2OS_Q192L_3_readcounts,exp2,39186435,GtoA.freq,0.2939792813508042,U2OS,Q192L,3,GtoA.freq_Q192L
231018_Einstein_PY_006_U2OS_Q192L_3_readcounts,exp2,39186435,GtoC.freq,0.006634949058264677,U2OS,Q192L,3,GtoC.freq_Q192L
231018_Einstein_PY_006_U2OS_Q192L_3_readcounts,exp2,39186435,GtoT.freq,0.030622841807375435,U2OS,Q192L,3,GtoT.freq_Q192L
231018_Einstein_PY_006_U2OS_Q192L_3_readcounts,exp2,39186435,TtoA.freq,0.01684256299405649,U2OS,Q192L,3,TtoA.freq_Q192L
231018_Einstein_PY_006_U2OS_Q192L_3_readcounts,exp2,39186435,TtoC.freq,0.13397493290726753,U2OS,Q192L,3,TtoC.freq_Q192L
231018_Einstein_PY_006_U2OS_Q192L_3_readcounts,exp2,39186435,TtoG.freq,0.01786332438763567,U2OS,Q192L,3,TtoG.freq_Q192L
231018_Einstein_PY_007_U2OS_C483Y_1_readcounts,exp2,42467341,AtoG.freq,0.09207075149819247,U2OS,C483Y,1,AtoG.freq_C483Y
231018_Einstein_PY_007_U2OS_C483Y_1_readcounts,exp2,42467341,AtoC.freq,0.030611758810140714,U2OS,C483Y,1,AtoC.freq_C483Y
231018_Einstein_PY_007_U2OS_C483Y_1_readcounts,exp2,42467341,AtoT.freq,0.026373207590275075,U2OS,C483Y,1,AtoT.freq_C483Y
231018_Einstein_PY_007_U2OS_C483Y_1_readcounts,exp2,42467341,CtoA.freq,0.023076556641490695,U2OS,C483Y,1,CtoA.freq_C483Y
231018_Einstein_PY_007_U2OS_C483Y_1_readcounts,exp2,42467341,CtoG.freq,0.004944976423176577,U2OS,C483Y,1,CtoG.freq_C483Y
231018_Einstein_PY_007_U2OS_C483Y_1_readcounts,exp2,42467341,CtoT.freq,0.11326350759752064,U2OS,C483Y,1,CtoT.freq_C483Y
231018_Einstein_PY_007_U2OS_C483Y_1_readcounts,exp2,42467341,GtoA.freq,0.2265270151950413,U2OS,C483Y,1,GtoA.freq_C483Y
231018_Einstein_PY_007_U2OS_C483Y_1_readcounts,exp2,42467341,GtoC.freq,0.01036090298189378,U2OS,C483Y,1,GtoC.freq_C483Y
231018_Einstein_PY_007_U2OS_C483Y_1_readcounts,exp2,42467341,GtoT.freq,0.031082708945681343,U2OS,C483Y,1,GtoT.freq_C483Y
231018_Einstein_PY_007_U2OS_C483Y_1_readcounts,exp2,42467341,TtoA.freq,0.018602530353854743,U2OS,C483Y,1,TtoA.freq_C483Y
231018_Einstein_PY_007_U2OS_C483Y_1_readcounts,exp2,42467341,TtoC.freq,0.09348360190481433,U2OS,C483Y,1,TtoC.freq_C483Y
231018_Einstein_PY_007_U2OS_C483Y_1_readcounts,exp2,42467341,TtoG.freq,0.0214282311670985,U2OS,C483Y,1,TtoG.freq_C483Y
231018_Einstein_PY_008_U2OS_C483Y_2_readcounts,exp2,38142942,AtoG.freq,0.0812732274295989,U2OS,C483Y,2,AtoG.freq_C483Y
231018_Einstein_PY_008_U2OS_C483Y_2_readcounts,exp2,38142942,AtoC.freq,0.02516848333303708,U2OS,C483Y,2,AtoC.freq_C483Y
231018_Einstein_PY_008_U2OS_C483Y_2_readcounts,exp2,38142942,AtoT.freq,0.03067408906213894,U2OS,C483Y,2,AtoT.freq_C483Y
231018_Einstein_PY_008_U2OS_C483Y_2_readcounts,exp2,38142942,CtoA.freq,0.035393179687083394,U2OS,C483Y,2,CtoA.freq_C483Y
231018_Einstein_PY_008_U2OS_C483Y_2_readcounts,exp2,38142942,CtoG.freq,0.006816464236030876,U2OS,C483Y,2,CtoG.freq_C483Y
231018_Einstein_PY_008_U2OS_C483Y_2_readcounts,exp2,38142942,CtoT.freq,0.15494347551900953,U2OS,C483Y,2,CtoT.freq_C483Y
231018_Einstein_PY_008_U2OS_C483Y_2_readcounts,exp2,38142942,GtoA.freq,0.2768533166634079,U2OS,C483Y,2,GtoA.freq_C483Y
231018_Einstein_PY_008_U2OS_C483Y_2_readcounts,exp2,38142942,GtoC.freq,0.008651666145731497,U2OS,C483Y,2,GtoC.freq_C483Y
231018_Einstein_PY_008_U2OS_C483Y_2_readcounts,exp2,38142942,GtoT.freq,0.027790200346895107,U2OS,C483Y,2,GtoT.freq_C483Y
231018_Einstein_PY_008_U2OS_C483Y_2_readcounts,exp2,38142942,TtoA.freq,0.017303332291462994,U2OS,C483Y,2,TtoA.freq_C483Y
231018_Einstein_PY_008_U2OS_C483Y_2_readcounts,exp2,38142942,TtoC.freq,0.08022454062405569,U2OS,C483Y,2,TtoC.freq_C483Y
231018_Einstein_PY_008_U2OS_C483Y_2_readcounts,exp2,38142942,TtoG.freq,0.029363230555209927,U2OS,C483Y,2,TtoG.freq_C483Y
231018_Einstein_PY_009_U2OS_C483Y_3_readcounts,exp2,37748261,AtoG.freq,0.09007037436770927,U2OS,C483Y,3,AtoG.freq_C483Y
231018_Einstein_PY_009_U2OS_C483Y_3_readcounts,exp2,37748261,AtoC.freq,0.0254316351155885,U2OS,C483Y,3,AtoC.freq_C483Y
231018_Einstein_PY_009_U2OS_C483Y_3_readcounts,exp2,37748261,AtoT.freq,0.021457942128777798,U2OS,C483Y,3,AtoT.freq_C483Y
231018_Einstein_PY_009_U2OS_C483Y_3_readcounts,exp2,37748261,CtoA.freq,0.03894219127074489,U2OS,C483Y,3,CtoA.freq_C483Y
231018_Einstein_PY_009_U2OS_C483Y_3_readcounts,exp2,37748261,CtoG.freq,0.004238605852598084,U2OS,C483Y,3,CtoG.freq_C483Y
231018_Einstein_PY_009_U2OS_C483Y_3_readcounts,exp2,37748261,CtoT.freq,0.11947570247010848,U2OS,C483Y,3,CtoT.freq_C483Y
231018_Einstein_PY_009_U2OS_C483Y_3_readcounts,exp2,37748261,GtoA.freq,0.2736549903583638,U2OS,C483Y,3,GtoA.freq_C483Y
231018_Einstein_PY_009_U2OS_C483Y_3_readcounts,exp2,37748261,GtoC.freq,0.005298257315747605,U2OS,C483Y,3,GtoC.freq_C483Y
231018_Einstein_PY_009_U2OS_C483Y_3_readcounts,exp2,37748261,GtoT.freq,0.027286025176100164,U2OS,C483Y,3,GtoT.freq_C483Y
231018_Einstein_PY_009_U2OS_C483Y_3_readcounts,exp2,37748261,TtoA.freq,0.017749162007754476,U2OS,C483Y,3,TtoA.freq_C483Y
231018_Einstein_PY_009_U2OS_C483Y_3_readcounts,exp2,37748261,TtoC.freq,0.07311595095731695,U2OS,C483Y,3,TtoC.freq_C483Y
231018_Einstein_PY_009_U2OS_C483Y_3_readcounts,exp2,37748261,TtoG.freq,0.027021112310312786,U2OS,C483Y,3,TtoG.freq_C483Y
231018_Einstein_PY_010_C636_WT_1_readcounts,exp2,37092676,AtoG.freq,0.07413862510216303,C636,WT,1,AtoG.freq_WT
231018_Einstein_PY_010_C636_WT_1_readcounts,exp2,37092676,AtoC.freq,0.027498690037893195,C636,WT,1,AtoC.freq_WT
231018_Einstein_PY_010_C636_WT_1_readcounts,exp2,37092676,AtoT.freq,0.022376385030834656,C636,WT,1,AtoT.freq_WT
231018_Einstein_PY_010_C636_WT_1_readcounts,exp2,37092676,CtoA.freq,0.03127302004309422,C636,WT,1,CtoA.freq_WT
231018_Einstein_PY_010_C636_WT_1_readcounts,exp2,37092676,CtoG.freq,0.00431352000594403,C636,WT,1,CtoG.freq_WT
231018_Einstein_PY_010_C636_WT_1_readcounts,exp2,37092676,CtoT.freq,0.10460286014414273,C636,WT,1,CtoT.freq_WT
231018_Einstein_PY_010_C636_WT_1_readcounts,exp2,37092676,GtoA.freq,0.25881120035664185,C636,WT,1,GtoA.freq_WT
231018_Einstein_PY_010_C636_WT_1_readcounts,exp2,37092676,GtoC.freq,0.005391900007430038,C636,WT,1,GtoC.freq_WT
231018_Einstein_PY_010_C636_WT_1_readcounts,exp2,37092676,GtoT.freq,0.021837195030091655,C636,WT,1,GtoT.freq_WT
231018_Einstein_PY_010_C636_WT_1_readcounts,exp2,37092676,TtoA.freq,0.01267096501746059,C636,WT,1,TtoA.freq_WT
231018_Einstein_PY_010_C636_WT_1_readcounts,exp2,37092676,TtoC.freq,0.07845214510810705,C636,WT,1,TtoC.freq_WT
231018_Einstein_PY_010_C636_WT_1_readcounts,exp2,37092676,TtoG.freq,0.012401370017089089,C636,WT,1,TtoG.freq_WT
231018_Einstein_PY_011_C636_WT_2_readcounts,exp2,37784367,AtoG.freq,0.06457697174072018,C636,WT,2,AtoG.freq_WT
231018_Einstein_PY_011_C636_WT_2_readcounts,exp2,37784367,AtoC.freq,0.026995291465383025,C636,WT,2,AtoC.freq_WT
231018_Einstein_PY_011_C636_WT_2_readcounts,exp2,37784367,AtoT.freq,0.01667356237567775,C636,WT,2,AtoT.freq_WT
231018_Einstein_PY_011_C636_WT_2_readcounts,exp2,37784367,CtoA.freq,0.02964188866787156,C636,WT,2,CtoA.freq_WT
231018_Einstein_PY_011_C636_WT_2_readcounts,exp2,37784367,CtoG.freq,0.004499215244230504,C636,WT,2,CtoG.freq_WT
231018_Einstein_PY_011_C636_WT_2_readcounts,exp2,37784367,CtoT.freq,0.11962619355248164,C636,WT,2,CtoT.freq_WT
231018_Einstein_PY_011_C636_WT_2_readcounts,exp2,37784367,GtoA.freq,0.23316521353923966,C636,WT,2,GtoA.freq_WT
231018_Einstein_PY_011_C636_WT_2_readcounts,exp2,37784367,GtoC.freq,0.004763874964479357,C636,WT,2,GtoC.freq_WT
231018_Einstein_PY_011_C636_WT_2_readcounts,exp2,37784367,GtoT.freq,0.01826152069717087,C636,WT,2,GtoT.freq_WT
231018_Einstein_PY_011_C636_WT_2_readcounts,exp2,37784367,TtoA.freq,0.009263090208709862,C636,WT,2,TtoA.freq_WT
231018_Einstein_PY_011_C636_WT_2_readcounts,exp2,37784367,TtoC.freq,0.06934084670519954,C636,WT,2,TtoC.freq_WT
231018_Einstein_PY_011_C636_WT_2_readcounts,exp2,37784367,TtoG.freq,0.015085604054184631,C636,WT,2,TtoG.freq_WT
231018_Einstein_PY_012_C636_WT_3_readcounts,exp2,36174530,AtoG.freq,0.05860476970951661,C636,WT,3,AtoG.freq_WT
231018_Einstein_PY_012_C636_WT_3_readcounts,exp2,36174530,AtoC.freq,0.026538008925064128,C636,WT,3,AtoC.freq_WT
231018_Einstein_PY_012_C636_WT_3_readcounts,exp2,36174530,AtoT.freq,0.015480505206287406,C636,WT,3,AtoT.freq_WT
231018_Einstein_PY_012_C636_WT_3_readcounts,exp2,36174530,CtoA.freq,0.030684572819605394,C636,WT,3,CtoA.freq_WT
231018_Einstein_PY_012_C636_WT_3_readcounts,exp2,36174530,CtoG.freq,0.003593688708602434,C636,WT,3,CtoG.freq_WT
231018_Einstein_PY_012_C636_WT_3_readcounts,exp2,36174530,CtoT.freq,0.10394053495650117,C636,WT,3,CtoT.freq_WT
231018_Einstein_PY_012_C636_WT_3_readcounts,exp2,36174530,GtoA.freq,0.23441907883806645,C636,WT,3,GtoA.freq_WT
231018_Einstein_PY_012_C636_WT_3_readcounts,exp2,36174530,GtoC.freq,0.0063580646382966136,C636,WT,3,GtoC.freq_WT
231018_Einstein_PY_012_C636_WT_3_readcounts,exp2,36174530,GtoT.freq,0.021285694658645184,C636,WT,3,GtoT.freq_WT
231018_Einstein_PY_012_C636_WT_3_readcounts,exp2,36174530,TtoA.freq,0.015480505206287406,C636,WT,3,TtoA.freq_WT
231018_Einstein_PY_012_C636_WT_3_readcounts,exp2,36174530,TtoC.freq,0.07463815010174286,C636,WT,3,TtoC.freq_WT
231018_Einstein_PY_012_C636_WT_3_readcounts,exp2,36174530,TtoG.freq,0.015480505206287406,C636,WT,3,TtoG.freq_WT
231018_Einstein_PY_013_C636_Q192L_1_readcounts,exp2,36152870,AtoG.freq,0.11949258800200371,C636,Q192L,1,AtoG.freq_Q192L
231018_Einstein_PY_013_C636_Q192L_1_readcounts,exp2,36152870,AtoC.freq,0.03070295663940373,C636,Q192L,1,AtoC.freq_Q192L
231018_Einstein_PY_013_C636_Q192L_1_readcounts,exp2,36152870,AtoT.freq,0.019638828120699687,C636,Q192L,1,AtoT.freq_Q192L
231018_Einstein_PY_013_C636_Q192L_1_readcounts,exp2,36152870,CtoA.freq,0.028213527722695322,C636,Q192L,1,CtoA.freq_Q192L
231018_Einstein_PY_013_C636_Q192L_1_readcounts,exp2,36152870,CtoG.freq,0.008851302814963238,C636,Q192L,1,CtoG.freq_Q192L
231018_Einstein_PY_013_C636_Q192L_1_readcounts,exp2,36152870,CtoT.freq,0.1416208450394118,C636,Q192L,1,CtoT.freq_Q192L
231018_Einstein_PY_013_C636_Q192L_1_readcounts,exp2,36152870,GtoA.freq,0.34409439693169586,C636,Q192L,1,GtoA.freq_Q192L
231018_Einstein_PY_013_C636_Q192L_1_readcounts,exp2,36152870,GtoC.freq,0.01161733494463925,C636,Q192L,1,GtoC.freq_Q192L
231018_Einstein_PY_013_C636_Q192L_1_readcounts,exp2,36152870,GtoT.freq,0.01631958956508847,C636,Q192L,1,GtoT.freq_Q192L
231018_Einstein_PY_013_C636_Q192L_1_readcounts,exp2,36152870,TtoA.freq,0.020745240972570092,C636,Q192L,1,TtoA.freq_Q192L
231018_Einstein_PY_013_C636_Q192L_1_readcounts,exp2,36152870,TtoC.freq,0.10510922092768846,C636,Q192L,1,TtoC.freq_Q192L
231018_Einstein_PY_013_C636_Q192L_1_readcounts,exp2,36152870,TtoG.freq,0.013276954222444856,C636,Q192L,1,TtoG.freq_Q192L
231018_Einstein_PY_014_C636_Q192L_2_readcounts,exp2,36976433,AtoG.freq,0.10195683288325838,C636,Q192L,2,AtoG.freq_Q192L
231018_Einstein_PY_014_C636_Q192L_2_readcounts,exp2,36976433,AtoC.freq,0.028937350446972532,C636,Q192L,2,AtoC.freq_Q192L
231018_Einstein_PY_014_C636_Q192L_2_readcounts,exp2,36976433,AtoT.freq,0.02217628725842755,C636,Q192L,2,AtoT.freq_Q192L
231018_Einstein_PY_014_C636_Q192L_2_readcounts,exp2,36976433,CtoA.freq,0.02244672978596935,C636,Q192L,2,CtoA.freq_Q192L
231018_Einstein_PY_014_C636_Q192L_2_readcounts,exp2,36976433,CtoG.freq,0.008113275826253982,C636,Q192L,2,CtoG.freq_Q192L
231018_Einstein_PY_014_C636_Q192L_2_readcounts,exp2,36976433,CtoT.freq,0.14685029245519707,C636,Q192L,2,CtoT.freq_Q192L
231018_Einstein_PY_014_C636_Q192L_2_readcounts,exp2,36976433,GtoA.freq,0.3150655445861963,C636,Q192L,2,GtoA.freq_Q192L
231018_Einstein_PY_014_C636_Q192L_2_readcounts,exp2,36976433,GtoC.freq,0.004056637913126991,C636,Q192L,2,GtoC.freq_Q192L
231018_Einstein_PY_014_C636_Q192L_2_readcounts,exp2,36976433,GtoT.freq,0.01947186198300956,C636,Q192L,2,GtoT.freq_Q192L
231018_Einstein_PY_014_C636_Q192L_2_readcounts,exp2,36976433,TtoA.freq,0.015144781542340766,C636,Q192L,2,TtoA.freq_Q192L
231018_Einstein_PY_014_C636_Q192L_2_readcounts,exp2,36976433,TtoC.freq,0.11115187881967954,C636,Q192L,2,TtoC.freq_Q192L
231018_Einstein_PY_014_C636_Q192L_2_readcounts,exp2,36976433,TtoG.freq,0.01298124132200637,C636,Q192L,2,TtoG.freq_Q192L
231018_Einstein_PY_015_C636_Q192L_3_readcounts,exp2,36285623,AtoG.freq,0.10692940286570249,C636,Q192L,3,AtoG.freq_Q192L
231018_Einstein_PY_015_C636_Q192L_3_readcounts,exp2,36285623,AtoC.freq,0.02921267191691872,C636,Q192L,3,AtoC.freq_Q192L
231018_Einstein_PY_015_C636_Q192L_3_readcounts,exp2,36285623,AtoT.freq,0.026456759471926387,C636,Q192L,3,AtoT.freq_Q192L
231018_Einstein_PY_015_C636_Q192L_3_readcounts,exp2,36285623,CtoA.freq,0.03224417560641028,C636,Q192L,3,CtoA.freq_Q192L
231018_Einstein_PY_015_C636_Q192L_3_readcounts,exp2,36285623,CtoG.freq,0.004133868667488498,C636,Q192L,3,CtoG.freq_Q192L
231018_Einstein_PY_015_C636_Q192L_3_readcounts,exp2,36285623,CtoT.freq,0.13586648353812197,C636,Q192L,3,CtoT.freq_Q192L
231018_Einstein_PY_015_C636_Q192L_3_readcounts,exp2,36285623,GtoA.freq,0.3014968214821611,C636,Q192L,3,GtoA.freq_Q192L
231018_Einstein_PY_015_C636_Q192L_3_readcounts,exp2,36285623,GtoC.freq,0.005787416134483897,C636,Q192L,3,GtoC.freq_Q192L
231018_Einstein_PY_015_C636_Q192L_3_readcounts,exp2,36285623,GtoT.freq,0.028110306938921786,C636,Q192L,3,GtoT.freq_Q192L
231018_Einstein_PY_015_C636_Q192L_3_readcounts,exp2,36285623,TtoA.freq,0.012677197246964728,C636,Q192L,3,TtoA.freq_Q192L
231018_Einstein_PY_015_C636_Q192L_3_readcounts,exp2,36285623,TtoC.freq,0.10748058535470095,C636,Q192L,3,TtoC.freq_Q192L
231018_Einstein_PY_015_C636_Q192L_3_readcounts,exp2,36285623,TtoG.freq,0.019291387114946323,C636,Q192L,3,TtoG.freq_Q192L
231018_Einstein_PY_016_C636_C483Y_1_readcounts,exp2,36150248,AtoG.freq,0.07385841447062826,C636,C483Y,1,AtoG.freq_C483Y
231018_Einstein_PY_016_C636_C483Y_1_readcounts,exp2,36150248,AtoC.freq,0.018257136161278893,C636,C483Y,1,AtoC.freq_C483Y
231018_Einstein_PY_016_C636_C483Y_1_readcounts,exp2,36150248,AtoT.freq,0.025449341315722095,C636,C483Y,1,AtoT.freq_C483Y
231018_Einstein_PY_016_C636_C483Y_1_readcounts,exp2,36150248,CtoA.freq,0.02987531371845637,C636,C483Y,1,CtoA.freq_C483Y
231018_Einstein_PY_016_C636_C483Y_1_readcounts,exp2,36150248,CtoG.freq,0.004702595677905169,C636,C483Y,1,CtoG.freq_C483Y
231018_Einstein_PY_016_C636_C483Y_1_readcounts,exp2,36150248,CtoT.freq,0.11839476177314191,C636,C483Y,1,CtoT.freq_C483Y
231018_Einstein_PY_016_C636_C483Y_1_readcounts,exp2,36150248,GtoA.freq,0.25366354333170826,C636,C483Y,1,GtoA.freq_C483Y
231018_Einstein_PY_016_C636_C483Y_1_readcounts,exp2,36150248,GtoC.freq,0.003872725852392493,C636,C483Y,1,GtoC.freq_C483Y
231018_Einstein_PY_016_C636_C483Y_1_readcounts,exp2,36150248,GtoT.freq,0.017150643060595324,C636,C483Y,1,GtoT.freq_C483Y
231018_Einstein_PY_016_C636_C483Y_1_readcounts,exp2,36150248,TtoA.freq,0.01300129393303194,C636,C483Y,1,TtoA.freq_C483Y
231018_Einstein_PY_016_C636_C483Y_1_readcounts,exp2,36150248,TtoC.freq,0.0829869825512677,C636,C483Y,1,TtoC.freq_C483Y
231018_Einstein_PY_016_C636_C483Y_1_readcounts,exp2,36150248,TtoG.freq,0.014107787033715508,C636,C483Y,1,TtoG.freq_C483Y
231018_Einstein_PY_017_C636_C483Y_2_readcounts,exp2,35915585,AtoG.freq,0.07963116847463295,C636,C483Y,2,AtoG.freq_C483Y
231018_Einstein_PY_017_C636_C483Y_2_readcounts,exp2,35915585,AtoC.freq,0.02505875931019918,C636,C483Y,2,AtoC.freq_C483Y
231018_Einstein_PY_017_C636_C483Y_2_readcounts,exp2,35915585,AtoT.freq,0.02589405128720582,C636,C483Y,2,AtoT.freq_C483Y
231018_Einstein_PY_017_C636_C483Y_2_readcounts,exp2,35915585,CtoA.freq,0.026729343264212457,C636,C483Y,2,CtoA.freq_C483Y
231018_Einstein_PY_017_C636_C483Y_2_readcounts,exp2,35915585,CtoG.freq,0.0038980292260309833,C636,C483Y,2,CtoG.freq_C483Y
231018_Einstein_PY_017_C636_C483Y_2_readcounts,exp2,35915585,CtoT.freq,0.13476043895707115,C636,C483Y,2,CtoT.freq_C483Y
231018_Einstein_PY_017_C636_C483Y_2_readcounts,exp2,35915585,GtoA.freq,0.2672934326421246,C636,C483Y,2,GtoA.freq_C483Y
231018_Einstein_PY_017_C636_C483Y_2_readcounts,exp2,35915585,GtoC.freq,0.00445489054403541,C636,C483Y,2,GtoC.freq_C483Y
231018_Einstein_PY_017_C636_C483Y_2_readcounts,exp2,35915585,GtoT.freq,0.020047007448159345,C636,C483Y,2,GtoT.freq_C483Y
231018_Einstein_PY_017_C636_C483Y_2_readcounts,exp2,35915585,TtoA.freq,0.015035255586119508,C636,C483Y,2,TtoA.freq_C483Y
231018_Einstein_PY_017_C636_C483Y_2_readcounts,exp2,35915585,TtoC.freq,0.08798408824469935,C636,C483Y,2,TtoC.freq_C483Y
231018_Einstein_PY_017_C636_C483Y_2_readcounts,exp2,35915585,TtoG.freq,0.015870547563126145,C636,C483Y,2,TtoG.freq_C483Y
231018_Einstein_PY_018_C636_C483Y_3_readcounts,exp2,36281928,AtoG.freq,0.09012751472303236,C636,C483Y,3,AtoG.freq_C483Y
231018_Einstein_PY_018_C636_C483Y_3_readcounts,exp2,36281928,AtoC.freq,0.02535697661932409,C636,C483Y,3,AtoC.freq_C483Y
231018_Einstein_PY_018_C636_C483Y_3_readcounts,exp2,36281928,AtoT.freq,0.02370326075284643,C636,C483Y,3,AtoT.freq_C483Y
231018_Einstein_PY_018_C636_C483Y_3_readcounts,exp2,36281928,CtoA.freq,0.02370326075284643,C636,C483Y,3,CtoA.freq_C483Y
231018_Einstein_PY_018_C636_C483Y_3_readcounts,exp2,36281928,CtoG.freq,0.005236766910512583,C636,C483Y,3,CtoG.freq_C483Y
231018_Einstein_PY_018_C636_C483Y_3_readcounts,exp2,36281928,CtoT.freq,0.11190144029832151,C636,C483Y,3,CtoT.freq_C483Y
231018_Einstein_PY_018_C636_C483Y_3_readcounts,exp2,36281928,GtoA.freq,0.2797536007458038,C636,C483Y,3,GtoA.freq_C483Y
231018_Einstein_PY_018_C636_C483Y_3_readcounts,exp2,36281928,GtoC.freq,0.005512386221592194,C636,C483Y,3,GtoC.freq_C483Y
231018_Einstein_PY_018_C636_C483Y_3_readcounts,exp2,36281928,GtoT.freq,0.014056584865060093,C636,C483Y,3,GtoT.freq_C483Y
231018_Einstein_PY_018_C636_C483Y_3_readcounts,exp2,36281928,TtoA.freq,0.01626153935369697,C636,C483Y,3,TtoA.freq_C483Y
231018_Einstein_PY_018_C636_C483Y_3_readcounts,exp2,36281928,TtoC.freq,0.0915056112784304,C636,C483Y,3,TtoC.freq_C483Y
231018_Einstein_PY_018_C636_C483Y_3_readcounts,exp2,36281928,TtoG.freq,0.021773925575289163,C636,C483Y,3,TtoG.freq_C483Y
231018_Einstein_PY_019_RNA_WT_1_readcounts,exp2,37807788,AtoG.freq,0.07696826907725995,RNA,WT,1,AtoG.freq_WT
231018_Einstein_PY_019_RNA_WT_1_readcounts,exp2,37807788,AtoC.freq,0.043112810514066575,RNA,WT,1,AtoC.freq_WT
231018_Einstein_PY_019_RNA_WT_1_readcounts,exp2,37807788,AtoT.freq,0.015340754661447001,RNA,WT,1,AtoT.freq_WT
231018_Einstein_PY_019_RNA_WT_1_readcounts,exp2,37807788,CtoA.freq,0.03438445010324328,RNA,WT,1,CtoA.freq_WT
231018_Einstein_PY_019_RNA_WT_1_readcounts,exp2,37807788,CtoG.freq,0.003438445010324328,RNA,WT,1,CtoG.freq_WT
231018_Einstein_PY_019_RNA_WT_1_readcounts,exp2,37807788,CtoT.freq,0.08728360410823294,RNA,WT,1,CtoT.freq_WT
231018_Einstein_PY_019_RNA_WT_1_readcounts,exp2,37807788,GtoA.freq,0.3039056397586656,RNA,WT,1,GtoA.freq_WT
231018_Einstein_PY_019_RNA_WT_1_readcounts,exp2,37807788,GtoC.freq,0.014547267351372156,RNA,WT,1,GtoC.freq_WT
231018_Einstein_PY_019_RNA_WT_1_readcounts,exp2,37807788,GtoT.freq,0.0317394924029938,RNA,WT,1,GtoT.freq_WT
231018_Einstein_PY_019_RNA_WT_1_readcounts,exp2,37807788,TtoA.freq,0.01428277158134721,RNA,WT,1,TtoA.freq_WT
231018_Einstein_PY_019_RNA_WT_1_readcounts,exp2,37807788,TtoC.freq,0.08754809987825789,RNA,WT,1,TtoC.freq_WT
231018_Einstein_PY_019_RNA_WT_1_readcounts,exp2,37807788,TtoG.freq,0.013489284271272365,RNA,WT,1,TtoG.freq_WT
231018_Einstein_PY_020_RNA_Q192L_1_readcounts,exp2,38234454,AtoG.freq,0.10801775801479996,RNA,Q192L,1,AtoG.freq_Q192L
231018_Einstein_PY_020_RNA_Q192L_1_readcounts,exp2,38234454,AtoC.freq,0.05780127002729004,RNA,Q192L,1,AtoC.freq_Q192L
231018_Einstein_PY_020_RNA_Q192L_1_readcounts,exp2,38234454,AtoT.freq,0.012292577788609196,RNA,Q192L,1,AtoT.freq_Q192L
231018_Einstein_PY_020_RNA_Q192L_1_readcounts,exp2,38234454,CtoA.freq,0.03478537969968134,RNA,Q192L,1,CtoA.freq_Q192L
231018_Einstein_PY_020_RNA_Q192L_1_readcounts,exp2,38234454,CtoG.freq,0.007846326248048423,RNA,Q192L,1,CtoG.freq_Q192L
231018_Einstein_PY_020_RNA_Q192L_1_readcounts,exp2,38234454,CtoT.freq,0.10409459489077574,RNA,Q192L,1,CtoT.freq_Q192L
231018_Einstein_PY_020_RNA_Q192L_1_readcounts,exp2,38234454,GtoA.freq,0.5230884165365615,RNA,Q192L,1,GtoA.freq_Q192L
231018_Einstein_PY_020_RNA_Q192L_1_readcounts,exp2,38234454,GtoC.freq,0.07297083410685032,RNA,Q192L,1,GtoC.freq_Q192L
231018_Einstein_PY_020_RNA_Q192L_1_readcounts,exp2,38234454,GtoT.freq,0.07166311306550893,RNA,Q192L,1,GtoT.freq_Q192L
231018_Einstein_PY_020_RNA_Q192L_1_readcounts,exp2,38234454,TtoA.freq,0.01700037353743825,RNA,Q192L,1,TtoA.freq_Q192L
231018_Einstein_PY_020_RNA_Q192L_1_readcounts,exp2,38234454,TtoC.freq,0.10540231593211714,RNA,Q192L,1,TtoC.freq_Q192L
231018_Einstein_PY_020_RNA_Q192L_1_readcounts,exp2,38234454,TtoG.freq,0.01778500616224309,RNA,Q192L,1,TtoG.freq_Q192L
231018_Einstein_PY_021_RNA_C483Y_1_readcounts,exp2,38634696,AtoG.freq,0.0895568066589679,RNA,C483Y,1,AtoG.freq_C483Y
231018_Einstein_PY_021_RNA_C483Y_1_readcounts,exp2,38634696,AtoC.freq,0.05202577496662585,RNA,C483Y,1,AtoC.freq_C483Y
231018_Einstein_PY_021_RNA_C483Y_1_readcounts,exp2,38634696,AtoT.freq,0.017083090287548786,RNA,C483Y,1,AtoT.freq_C483Y
231018_Einstein_PY_021_RNA_C483Y_1_readcounts,exp2,38634696,CtoA.freq,0.026142304833976178,RNA,C483Y,1,CtoA.freq_C483Y
231018_Einstein_PY_021_RNA_C483Y_1_readcounts,exp2,38634696,CtoG.freq,0.004400189922550445,RNA,C483Y,1,CtoG.freq_C483Y
231018_Einstein_PY_021_RNA_C483Y_1_readcounts,exp2,38634696,CtoT.freq,0.1058633928425372,RNA,C483Y,1,CtoT.freq_C483Y
231018_Einstein_PY_021_RNA_C483Y_1_readcounts,exp2,38634696,GtoA.freq,0.7371612293778629,RNA,C483Y,1,GtoA.freq_C483Y
231018_Einstein_PY_021_RNA_C483Y_1_readcounts,exp2,38634696,GtoC.freq,0.14235908572957323,RNA,C483Y,1,GtoC.freq_C483Y
231018_Einstein_PY_021_RNA_C483Y_1_readcounts,exp2,38634696,GtoT.freq,0.07557973278733705,RNA,C483Y,1,GtoT.freq_C483Y
231018_Einstein_PY_021_RNA_C483Y_1_readcounts,exp2,38634696,TtoA.freq,0.019930272002140252,RNA,C483Y,1,TtoA.freq_C483Y
231018_Einstein_PY_021_RNA_C483Y_1_readcounts,exp2,38634696,TtoC.freq,0.09395699658151833,RNA,C483Y,1,TtoC.freq_C483Y
231018_Einstein_PY_021_RNA_C483Y_1_readcounts,exp2,38634696,TtoG.freq,0.027695313041935156,RNA,C483Y,1,TtoG.freq_C483Y
