SampleID,EXPERIMENT,celltype,genotype,replicate,substitution,value,total_mutated_positions,x
230515_Einstein_PY_004_P0stock_Q192L_2_readcounts,exp2,P0stock,Q192L,2,AtoG,0.17360496014171833,1129,AtoG_Q192L
230515_Einstein_PY_004_P0stock_Q192L_2_readcounts,exp2,P0stock,Q192L,2,AtoC,0.04162976085031001,1129,AtoC_Q192L
230515_Einstein_PY_004_P0stock_Q192L_2_readcounts,exp2,P0stock,Q192L,2,AtoU,0.03808680248007086,1129,AtoU_Q192L
230515_Einstein_PY_004_P0stock_Q192L_2_readcounts,exp2,P0stock,Q192L,2,CtoA,0.14348981399468555,1129,CtoA_Q192L
230515_Einstein_PY_004_P0stock_Q192L_2_readcounts,exp2,P0stock,Q192L,2,CtoG,0.011514614703277236,1129,CtoG_Q192L
230515_Einstein_PY_004_P0stock_Q192L_2_readcounts,exp2,P0stock,Q192L,2,CtoU,0.1328609388839681,1129,CtoU_Q192L
230515_Einstein_PY_004_P0stock_Q192L_2_readcounts,exp2,P0stock,Q192L,2,GtoA,0.2382639503985828,1129,GtoA_Q192L
230515_Einstein_PY_004_P0stock_Q192L_2_readcounts,exp2,P0stock,Q192L,2,GtoC,0.0097431355181576609,1129,GtoC_Q192L
230515_Einstein_PY_004_P0stock_Q192L_2_readcounts,exp2,P0stock,Q192L,2,GtoU,0.12311780336581045,1129,GtoU_Q192L
230515_Einstein_PY_004_P0stock_Q192L_2_readcounts,exp2,P0stock,Q192L,2,UtoA,0.02037201062887511,1129,UtoA_Q192L
230515_Einstein_PY_004_P0stock_Q192L_2_readcounts,exp2,P0stock,Q192L,2,UtoC,0.13728963684676704,1129,UtoC_Q192L
230515_Einstein_PY_004_P0stock_Q192L_2_readcounts,exp2,P0stock,Q192L,2,UtoG,0.0044286979627989375,1129,UtoG_Q192L
230515_Einstein_PY_007_P0stock_C483Y_1_readcounts,exp2,P0stock,C483Y,1,AtoG,0.1602982292637465,1073,AtoG_C483Y
230515_Einstein_PY_007_P0stock_C483Y_1_readcounts,exp2,P0stock,C483Y,1,AtoC,0.0521901211556384,1073,AtoC_C483Y
230515_Einstein_PY_007_P0stock_C483Y_1_readcounts,exp2,P0stock,C483Y,1,AtoU,0.032618825722273995,1073,AtoU_C483Y
230515_Einstein_PY_007_P0stock_C483Y_1_readcounts,exp2,P0stock,C483Y,1,CtoA,0.14445479962721341,1073,CtoA_C483Y
230515_Einstein_PY_007_P0stock_C483Y_1_readcounts,exp2,P0stock,C483Y,1,CtoG,0.016775396085740912,1073,CtoG_C483Y
230515_Einstein_PY_007_P0stock_C483Y_1_readcounts,exp2,P0stock,C483Y,1,CtoU,0.12581547064305684,1073,CtoU_C483Y
230515_Einstein_PY_007_P0stock_C483Y_1_readcounts,exp2,P0stock,C483Y,1,GtoA,0.21528424976700838,1073,GtoA_C483Y
230515_Einstein_PY_007_P0stock_C483Y_1_readcounts,exp2,P0stock,C483Y,1,GtoC,0.008387698042870456,1073,GtoC_C483Y
230515_Einstein_PY_007_P0stock_C483Y_1_readcounts,exp2,P0stock,C483Y,1,GtoU,0.14538676607642126,1073,GtoU_C483Y
230515_Einstein_PY_007_P0stock_C483Y_1_readcounts,exp2,P0stock,C483Y,1,UtoA,0.04007455731593663,1073,UtoA_C483Y
230515_Einstein_PY_007_P0stock_C483Y_1_readcounts,exp2,P0stock,C483Y,1,UtoC,0.13140726933830382,1073,UtoC_C483Y
230515_Einstein_PY_007_P0stock_C483Y_1_readcounts,exp2,P0stock,C483Y,1,UtoG,0.0065237651444548,1073,UtoG_C483Y
230515_Einstein_PY_009_P0stock_WT_1_readcounts,exp2,P0stock,WT,1,AtoG,0.15092402464065707,974,AtoG_WT
230515_Einstein_PY_009_P0stock_WT_1_readcounts,exp2,P0stock,WT,1,AtoC,0.052361396303901436,974,AtoC_WT
230515_Einstein_PY_009_P0stock_WT_1_readcounts,exp2,P0stock,WT,1,AtoU,0.02566735112936345,974,AtoU_WT
230515_Einstein_PY_009_P0stock_WT_1_readcounts,exp2,P0stock,WT,1,CtoA,0.14784394250513347,974,CtoA_WT
230515_Einstein_PY_009_P0stock_WT_1_readcounts,exp2,P0stock,WT,1,CtoG,0.01026694045174538,974,CtoG_WT
230515_Einstein_PY_009_P0stock_WT_1_readcounts,exp2,P0stock,WT,1,CtoU,0.1293634496919918,974,CtoU_WT
230515_Einstein_PY_009_P0stock_WT_1_readcounts,exp2,P0stock,WT,1,GtoA,0.2166324435318275,974,GtoA_WT
230515_Einstein_PY_009_P0stock_WT_1_readcounts,exp2,P0stock,WT,1,GtoC,0.007186858316221766,974,GtoC_WT
230515_Einstein_PY_009_P0stock_WT_1_readcounts,exp2,P0stock,WT,1,GtoU,0.16529774127310062,974,GtoU_WT
230515_Einstein_PY_009_P0stock_WT_1_readcounts,exp2,P0stock,WT,1,UtoA,0.03285420944558522,974,UtoA_WT
230515_Einstein_PY_009_P0stock_WT_1_readcounts,exp2,P0stock,WT,1,UtoC,0.11601642710472279,974,UtoC_WT
230515_Einstein_PY_009_P0stock_WT_1_readcounts,exp2,P0stock,WT,1,UtoG,0.009240246406570842,974,UtoG_WT
230808_Einstein_PY_001_U2OS_WT_1_merge_ds_309k,exp1,U2OS,WT,1,AtoG,0.19175257731958764,970,AtoG_WT
230808_Einstein_PY_001_U2OS_WT_1_merge_ds_309k,exp1,U2OS,WT,1,AtoC,0.05979381443298969,970,AtoC_WT
230808_Einstein_PY_001_U2OS_WT_1_merge_ds_309k,exp1,U2OS,WT,1,AtoU,0.04742268041237113,970,AtoU_WT
230808_Einstein_PY_001_U2OS_WT_1_merge_ds_309k,exp1,U2OS,WT,1,CtoA,0.09587628865979382,970,CtoA_WT
230808_Einstein_PY_001_U2OS_WT_1_merge_ds_309k,exp1,U2OS,WT,1,CtoG,0.01134020618556701,970,CtoG_WT
230808_Einstein_PY_001_U2OS_WT_1_merge_ds_309k,exp1,U2OS,WT,1,CtoU,0.13195876288659794,970,CtoU_WT
230808_Einstein_PY_001_U2OS_WT_1_merge_ds_309k,exp1,U2OS,WT,1,GtoA,0.2329896907216495,970,GtoA_WT
230808_Einstein_PY_001_U2OS_WT_1_merge_ds_309k,exp1,U2OS,WT,1,GtoC,0.015463917525773196,970,GtoC_WT
230808_Einstein_PY_001_U2OS_WT_1_merge_ds_309k,exp1,U2OS,WT,1,GtoU,0.058762886597938144,970,GtoU_WT
230808_Einstein_PY_001_U2OS_WT_1_merge_ds_309k,exp1,U2OS,WT,1,UtoA,0.042268041237113405,970,UtoA_WT
230808_Einstein_PY_001_U2OS_WT_1_merge_ds_309k,exp1,U2OS,WT,1,UtoC,0.14329896907216494,970,UtoC_WT
230808_Einstein_PY_001_U2OS_WT_1_merge_ds_309k,exp1,U2OS,WT,1,UtoG,0.010309278350515464,970,UtoG_WT
230808_Einstein_PY_002_U2OS_WT_2_merge_ds_309k,exp1,U2OS,WT,2,AtoG,0.19305019305019305,1036,AtoG_WT
230808_Einstein_PY_002_U2OS_WT_2_merge_ds_309k,exp1,U2OS,WT,2,AtoC,0.05308880308880309,1036,AtoC_WT
230808_Einstein_PY_002_U2OS_WT_2_merge_ds_309k,exp1,U2OS,WT,2,AtoU,0.023166023166023165,1036,AtoU_WT
230808_Einstein_PY_002_U2OS_WT_2_merge_ds_309k,exp1,U2OS,WT,2,CtoA,0.0694980694980695,1036,CtoA_WT
230808_Einstein_PY_002_U2OS_WT_2_merge_ds_309k,exp1,U2OS,WT,2,CtoG,0.008687258687258687,1036,CtoG_WT
230808_Einstein_PY_002_U2OS_WT_2_merge_ds_309k,exp1,U2OS,WT,2,CtoU,0.1583011583011583,1036,CtoU_WT
230808_Einstein_PY_002_U2OS_WT_2_merge_ds_309k,exp1,U2OS,WT,2,GtoA,0.24517374517374518,1036,GtoA_WT
230808_Einstein_PY_002_U2OS_WT_2_merge_ds_309k,exp1,U2OS,WT,2,GtoC,0.015444015444015444,1036,GtoC_WT
230808_Einstein_PY_002_U2OS_WT_2_merge_ds_309k,exp1,U2OS,WT,2,GtoU,0.07046332046332046,1036,GtoU_WT
230808_Einstein_PY_002_U2OS_WT_2_merge_ds_309k,exp1,U2OS,WT,2,UtoA,0.04633204633204633,1036,UtoA_WT
230808_Einstein_PY_002_U2OS_WT_2_merge_ds_309k,exp1,U2OS,WT,2,UtoC,0.14189189189189189,1036,UtoC_WT
230808_Einstein_PY_002_U2OS_WT_2_merge_ds_309k,exp1,U2OS,WT,2,UtoG,0.006756756756756757,1036,UtoG_WT
230808_Einstein_PY_003_U2OS_WT_3_merge_ds_309k,exp1,U2OS,WT,3,AtoG,0.18055555555555555,1008,AtoG_WT
230808_Einstein_PY_003_U2OS_WT_3_merge_ds_309k,exp1,U2OS,WT,3,AtoC,0.054563492063492064,1008,AtoC_WT
230808_Einstein_PY_003_U2OS_WT_3_merge_ds_309k,exp1,U2OS,WT,3,AtoU,0.027777777777777776,1008,AtoU_WT
230808_Einstein_PY_003_U2OS_WT_3_merge_ds_309k,exp1,U2OS,WT,3,CtoA,0.06845238095238096,1008,CtoA_WT
230808_Einstein_PY_003_U2OS_WT_3_merge_ds_309k,exp1,U2OS,WT,3,CtoG,0.011904761904761904,1008,CtoG_WT
230808_Einstein_PY_003_U2OS_WT_3_merge_ds_309k,exp1,U2OS,WT,3,CtoU,0.15079365079365079,1008,CtoU_WT
230808_Einstein_PY_003_U2OS_WT_3_merge_ds_309k,exp1,U2OS,WT,3,GtoA,0.25,1008,GtoA_WT
230808_Einstein_PY_003_U2OS_WT_3_merge_ds_309k,exp1,U2OS,WT,3,GtoC,0.013888888888888888,1008,GtoC_WT
230808_Einstein_PY_003_U2OS_WT_3_merge_ds_309k,exp1,U2OS,WT,3,GtoU,0.0763888888888889,1008,GtoU_WT
230808_Einstein_PY_003_U2OS_WT_3_merge_ds_309k,exp1,U2OS,WT,3,UtoA,0.05654761904761905,1008,UtoA_WT
230808_Einstein_PY_003_U2OS_WT_3_merge_ds_309k,exp1,U2OS,WT,3,UtoC,0.14087301587301587,1008,UtoC_WT
230808_Einstein_PY_003_U2OS_WT_3_merge_ds_309k,exp1,U2OS,WT,3,UtoG,0.006944444444444444,1008,UtoG_WT
230808_Einstein_PY_004_U2OS_Q192L_1_merge_ds_309k,exp1,U2OS,Q192L,1,AtoG,0.20899718837863168,1067,AtoG_Q192L
230808_Einstein_PY_004_U2OS_Q192L_1_merge_ds_309k,exp1,U2OS,Q192L,1,AtoC,0.04592314901593252,1067,AtoC_Q192L
230808_Einstein_PY_004_U2OS_Q192L_1_merge_ds_309k,exp1,U2OS,Q192L,1,AtoU,0.04311152764761012,1067,AtoU_Q192L
230808_Einstein_PY_004_U2OS_Q192L_1_merge_ds_309k,exp1,U2OS,Q192L,1,CtoA,0.07310215557638237,1067,CtoA_Q192L
230808_Einstein_PY_004_U2OS_Q192L_1_merge_ds_309k,exp1,U2OS,Q192L,1,CtoG,0.008434864104967198,1067,CtoG_Q192L
230808_Einstein_PY_004_U2OS_Q192L_1_merge_ds_309k,exp1,U2OS,Q192L,1,CtoU,0.1302717900656045,1067,CtoU_Q192L
230808_Einstein_PY_004_U2OS_Q192L_1_merge_ds_309k,exp1,U2OS,Q192L,1,GtoA,0.25585754451733833,1067,GtoA_Q192L
230808_Einstein_PY_004_U2OS_Q192L_1_merge_ds_309k,exp1,U2OS,Q192L,1,GtoC,0.005623242736644799,1067,GtoC_Q192L
230808_Einstein_PY_004_U2OS_Q192L_1_merge_ds_309k,exp1,U2OS,Q192L,1,GtoU,0.04873477038425492,1067,GtoU_Q192L
230808_Einstein_PY_004_U2OS_Q192L_1_merge_ds_309k,exp1,U2OS,Q192L,1,UtoA,0.04029990627928772,1067,UtoA_Q192L
230808_Einstein_PY_004_U2OS_Q192L_1_merge_ds_309k,exp1,U2OS,Q192L,1,UtoC,0.16494845360824742,1067,UtoC_Q192L
230808_Einstein_PY_004_U2OS_Q192L_1_merge_ds_309k,exp1,U2OS,Q192L,1,UtoG,0.0037488284910965324,1067,UtoG_Q192L
230808_Einstein_PY_005_U2OS_Q192L_2_merge_ds_309k,exp1,U2OS,Q192L,2,AtoG,0.20961538461538462,1040,AtoG_Q192L
230808_Einstein_PY_005_U2OS_Q192L_2_merge_ds_309k,exp1,U2OS,Q192L,2,AtoC,0.04038461538461539,1040,AtoC_Q192L
230808_Einstein_PY_005_U2OS_Q192L_2_merge_ds_309k,exp1,U2OS,Q192L,2,AtoU,0.04038461538461539,1040,AtoU_Q192L
230808_Einstein_PY_005_U2OS_Q192L_2_merge_ds_309k,exp1,U2OS,Q192L,2,CtoA,0.0625,1040,CtoA_Q192L
230808_Einstein_PY_005_U2OS_Q192L_2_merge_ds_309k,exp1,U2OS,Q192L,2,CtoG,0.007692307692307693,1040,CtoG_Q192L
230808_Einstein_PY_005_U2OS_Q192L_2_merge_ds_309k,exp1,U2OS,Q192L,2,CtoU,0.15576923076923077,1040,CtoU_Q192L
230808_Einstein_PY_005_U2OS_Q192L_2_merge_ds_309k,exp1,U2OS,Q192L,2,GtoA,0.24711538461538463,1040,GtoA_Q192L
230808_Einstein_PY_005_U2OS_Q192L_2_merge_ds_309k,exp1,U2OS,Q192L,2,GtoC,0.0125,1040,GtoC_Q192L
230808_Einstein_PY_005_U2OS_Q192L_2_merge_ds_309k,exp1,U2OS,Q192L,2,GtoU,0.051923076923076926,1040,GtoU_Q192L
230808_Einstein_PY_005_U2OS_Q192L_2_merge_ds_309k,exp1,U2OS,Q192L,2,UtoA,0.046153846153846156,1040,UtoA_Q192L
230808_Einstein_PY_005_U2OS_Q192L_2_merge_ds_309k,exp1,U2OS,Q192L,2,UtoC,0.15576923076923077,1040,UtoC_Q192L
230808_Einstein_PY_005_U2OS_Q192L_2_merge_ds_309k,exp1,U2OS,Q192L,2,UtoG,0.006730769230769231,1040,UtoG_Q192L
230808_Einstein_PY_006_U2OS_Q192L_3_merge_ds_309k,exp1,U2OS,Q192L,3,AtoG,0.22105263157894736,1235,AtoG_Q192L
230808_Einstein_PY_006_U2OS_Q192L_3_merge_ds_309k,exp1,U2OS,Q192L,3,AtoC,0.05101214574898785,1235,AtoC_Q192L
230808_Einstein_PY_006_U2OS_Q192L_3_merge_ds_309k,exp1,U2OS,Q192L,3,AtoU,0.04291497975708502,1235,AtoU_Q192L
230808_Einstein_PY_006_U2OS_Q192L_3_merge_ds_309k,exp1,U2OS,Q192L,3,CtoA,0.06396761133603239,1235,CtoA_Q192L
230808_Einstein_PY_006_U2OS_Q192L_3_merge_ds_309k,exp1,U2OS,Q192L,3,CtoG,0.011336032388663968,1235,CtoG_Q192L
230808_Einstein_PY_006_U2OS_Q192L_3_merge_ds_309k,exp1,U2OS,Q192L,3,CtoU,0.13279352226720648,1235,CtoU_Q192L
230808_Einstein_PY_006_U2OS_Q192L_3_merge_ds_309k,exp1,U2OS,Q192L,3,GtoA,0.25101214574898784,1235,GtoA_Q192L
230808_Einstein_PY_006_U2OS_Q192L_3_merge_ds_309k,exp1,U2OS,Q192L,3,GtoC,0.008097165991902834,1235,GtoC_Q192L
230808_Einstein_PY_006_U2OS_Q192L_3_merge_ds_309k,exp1,U2OS,Q192L,3,GtoU,0.05425101214574899,1235,GtoU_Q192L
230808_Einstein_PY_006_U2OS_Q192L_3_merge_ds_309k,exp1,U2OS,Q192L,3,UtoA,0.05344129554655871,1235,UtoA_Q192L
230808_Einstein_PY_006_U2OS_Q192L_3_merge_ds_309k,exp1,U2OS,Q192L,3,UtoC,0.15060728744939272,1235,UtoC_Q192L
230808_Einstein_PY_006_U2OS_Q192L_3_merge_ds_309k,exp1,U2OS,Q192L,3,UtoG,0.005668016194331983,1235,UtoG_Q192L
230808_Einstein_PY_007_U2OS_C483Y_1_merge_ds_309k,exp1,U2OS,C483Y,1,AtoG,0.19358074222668004,997,AtoG_C483Y
230808_Einstein_PY_007_U2OS_C483Y_1_merge_ds_309k,exp1,U2OS,C483Y,1,AtoC,0.041123370110330994,997,AtoC_C483Y
230808_Einstein_PY_007_U2OS_C483Y_1_merge_ds_309k,exp1,U2OS,C483Y,1,AtoU,0.05115346038114343,997,AtoU_C483Y
230808_Einstein_PY_007_U2OS_C483Y_1_merge_ds_309k,exp1,U2OS,C483Y,1,CtoA,0.06318956870611836,997,CtoA_C483Y
230808_Einstein_PY_007_U2OS_C483Y_1_merge_ds_309k,exp1,U2OS,C483Y,1,CtoG,0.013039117352056168,997,CtoG_C483Y
230808_Einstein_PY_007_U2OS_C483Y_1_merge_ds_309k,exp1,U2OS,C483Y,1,CtoU,0.14944834503510532,997,CtoU_C483Y
230808_Einstein_PY_007_U2OS_C483Y_1_merge_ds_309k,exp1,U2OS,C483Y,1,GtoA,0.22166499498495487,997,GtoA_C483Y
230808_Einstein_PY_007_U2OS_C483Y_1_merge_ds_309k,exp1,U2OS,C483Y,1,GtoC,0.017051153460381142,997,GtoC_C483Y
230808_Einstein_PY_007_U2OS_C483Y_1_merge_ds_309k,exp1,U2OS,C483Y,1,GtoU,0.05115346038114343,997,GtoU_C483Y
230808_Einstein_PY_007_U2OS_C483Y_1_merge_ds_309k,exp1,U2OS,C483Y,1,UtoA,0.06018054162487462,997,UtoA_C483Y
230808_Einstein_PY_007_U2OS_C483Y_1_merge_ds_309k,exp1,U2OS,C483Y,1,UtoC,0.15446339017051153,997,UtoC_C483Y
230808_Einstein_PY_007_U2OS_C483Y_1_merge_ds_309k,exp1,U2OS,C483Y,1,UtoG,0.010030090270812437,997,UtoG_C483Y
230808_Einstein_PY_008_U2OS_C483Y_2_merge_ds_309k,exp1,U2OS,C483Y,2,AtoG,0.20166320166320167,962,AtoG_C483Y
230808_Einstein_PY_008_U2OS_C483Y_2_merge_ds_309k,exp1,U2OS,C483Y,2,AtoC,0.062370062370062374,962,AtoC_C483Y
230808_Einstein_PY_008_U2OS_C483Y_2_merge_ds_309k,exp1,U2OS,C483Y,2,AtoU,0.04261954261954262,962,AtoU_C483Y
230808_Einstein_PY_008_U2OS_C483Y_2_merge_ds_309k,exp1,U2OS,C483Y,2,CtoA,0.06964656964656965,962,CtoA_C483Y
230808_Einstein_PY_008_U2OS_C483Y_2_merge_ds_309k,exp1,U2OS,C483Y,2,CtoG,0.004158004158004158,962,CtoG_C483Y
230808_Einstein_PY_008_U2OS_C483Y_2_merge_ds_309k,exp1,U2OS,C483Y,2,CtoU,0.1288981288981289,962,CtoU_C483Y
230808_Einstein_PY_008_U2OS_C483Y_2_merge_ds_309k,exp1,U2OS,C483Y,2,GtoA,0.2442827442827443,962,GtoA_C483Y
230808_Einstein_PY_008_U2OS_C483Y_2_merge_ds_309k,exp1,U2OS,C483Y,2,GtoC,0.012474012474012475,962,GtoC_C483Y
230808_Einstein_PY_008_U2OS_C483Y_2_merge_ds_309k,exp1,U2OS,C483Y,2,GtoU,0.056133056133056136,962,GtoU_C483Y
230808_Einstein_PY_008_U2OS_C483Y_2_merge_ds_309k,exp1,U2OS,C483Y,2,UtoA,0.04781704781704782,962,UtoA_C483Y
230808_Einstein_PY_008_U2OS_C483Y_2_merge_ds_309k,exp1,U2OS,C483Y,2,UtoC,0.16632016632016633,962,UtoC_C483Y
230808_Einstein_PY_008_U2OS_C483Y_2_merge_ds_309k,exp1,U2OS,C483Y,2,UtoG,0.007276507276507277,962,UtoG_C483Y
230808_Einstein_PY_009_U2OS_C483Y_3_merge_ds_309k,exp1,U2OS,C483Y,3,AtoG,0.19474196689386564,1027,AtoG_C483Y
230808_Einstein_PY_009_U2OS_C483Y_3_merge_ds_309k,exp1,U2OS,C483Y,3,AtoC,0.05939629990262902,1027,AtoC_C483Y
230808_Einstein_PY_009_U2OS_C483Y_3_merge_ds_309k,exp1,U2OS,C483Y,3,AtoU,0.054527750730282376,1027,AtoU_C483Y
230808_Einstein_PY_009_U2OS_C483Y_3_merge_ds_309k,exp1,U2OS,C483Y,3,CtoA,0.0798442064264849,1027,CtoA_C483Y
230808_Einstein_PY_009_U2OS_C483Y_3_merge_ds_309k,exp1,U2OS,C483Y,3,CtoG,0.012658227848101266,1027,CtoG_C483Y
230808_Einstein_PY_009_U2OS_C483Y_3_merge_ds_309k,exp1,U2OS,C483Y,3,CtoU,0.12074001947419669,1027,CtoU_C483Y
230808_Einstein_PY_009_U2OS_C483Y_3_merge_ds_309k,exp1,U2OS,C483Y,3,GtoA,0.24440116845180138,1027,GtoA_C483Y
230808_Einstein_PY_009_U2OS_C483Y_3_merge_ds_309k,exp1,U2OS,C483Y,3,GtoC,0.017526777020447908,1027,GtoC_C483Y
230808_Einstein_PY_009_U2OS_C483Y_3_merge_ds_309k,exp1,U2OS,C483Y,3,GtoU,0.06426484907497566,1027,GtoU_C483Y
230808_Einstein_PY_009_U2OS_C483Y_3_merge_ds_309k,exp1,U2OS,C483Y,3,UtoA,0.04673807205452775,1027,UtoA_C483Y
230808_Einstein_PY_009_U2OS_C483Y_3_merge_ds_309k,exp1,U2OS,C483Y,3,UtoC,0.14897760467380722,1027,UtoC_C483Y
230808_Einstein_PY_009_U2OS_C483Y_3_merge_ds_309k,exp1,U2OS,C483Y,3,UtoG,0.0029211295034079843,1027,UtoG_C483Y
230808_Einstein_PY_010_C636_WT_1_merge_ds_309k,exp1,C636,WT,1,AtoG,0.17702227432590856,853,AtoG_WT
230808_Einstein_PY_010_C636_WT_1_merge_ds_309k,exp1,C636,WT,1,AtoC,0.04337631887456037,853,AtoC_WT
230808_Einstein_PY_010_C636_WT_1_merge_ds_309k,exp1,C636,WT,1,AtoU,0.026963657678780773,853,AtoU_WT
230808_Einstein_PY_010_C636_WT_1_merge_ds_309k,exp1,C636,WT,1,CtoA,0.06799531066822978,853,CtoA_WT
230808_Einstein_PY_010_C636_WT_1_merge_ds_309k,exp1,C636,WT,1,CtoG,0.0035169988276670576,853,CtoG_WT
230808_Einstein_PY_010_C636_WT_1_merge_ds_309k,exp1,C636,WT,1,CtoU,0.1336459554513482,853,CtoU_WT
230808_Einstein_PY_010_C636_WT_1_merge_ds_309k,exp1,C636,WT,1,GtoA,0.27549824150058616,853,GtoA_WT
230808_Einstein_PY_010_C636_WT_1_merge_ds_309k,exp1,C636,WT,1,GtoC,0.010550996483001172,853,GtoC_WT
230808_Einstein_PY_010_C636_WT_1_merge_ds_309k,exp1,C636,WT,1,GtoU,0.05861664712778429,853,GtoU_WT
230808_Einstein_PY_010_C636_WT_1_merge_ds_309k,exp1,C636,WT,1,UtoA,0.06213364595545135,853,UtoA_WT
230808_Einstein_PY_010_C636_WT_1_merge_ds_309k,exp1,C636,WT,1,UtoC,0.16764361078546308,853,UtoC_WT
230808_Einstein_PY_010_C636_WT_1_merge_ds_309k,exp1,C636,WT,1,UtoG,0.003516998827667057,853,UtoG_WT
230808_Einstein_PY_011_C636_WT_2_merge_ds_309k,exp1,C636,WT,2,AtoG,0.1711111111111111,900,AtoG_WT
230808_Einstein_PY_011_C636_WT_2_merge_ds_309k,exp1,C636,WT,2,AtoC,0.07222222222222222,900,AtoC_WT
230808_Einstein_PY_011_C636_WT_2_merge_ds_309k,exp1,C636,WT,2,AtoU,0.03666666666666667,900,AtoU_WT
230808_Einstein_PY_011_C636_WT_2_merge_ds_309k,exp1,C636,WT,2,CtoA,0.0811111111111111,900,CtoA_WT
230808_Einstein_PY_011_C636_WT_2_merge_ds_309k,exp1,C636,WT,2,CtoG,0.012222222222222223,900,CtoG_WT
230808_Einstein_PY_011_C636_WT_2_merge_ds_309k,exp1,C636,WT,2,CtoU,0.14222222222222222,900,CtoU_WT
230808_Einstein_PY_011_C636_WT_2_merge_ds_309k,exp1,C636,WT,2,GtoA,0.2511111111111111,900,GtoA_WT
230808_Einstein_PY_011_C636_WT_2_merge_ds_309k,exp1,C636,WT,2,GtoC,0.01,900,GtoC_WT
230808_Einstein_PY_011_C636_WT_2_merge_ds_309k,exp1,C636,WT,2,GtoU,0.05444444444444444,900,GtoU_WT
230808_Einstein_PY_011_C636_WT_2_merge_ds_309k,exp1,C636,WT,2,UtoA,0.056666666666666664,900,UtoA_WT
230808_Einstein_PY_011_C636_WT_2_merge_ds_309k,exp1,C636,WT,2,UtoC,0.14888888888888888,900,UtoC_WT
230808_Einstein_PY_011_C636_WT_2_merge_ds_309k,exp1,C636,WT,2,UtoG,0.006666666666666666,900,UtoG_WT
230808_Einstein_PY_012_C636_WT_3_merge_ds_309k,exp1,C636,WT,3,AtoG,0.19230769230769232,910,AtoG_WT
230808_Einstein_PY_012_C636_WT_3_merge_ds_309k,exp1,C636,WT,3,AtoC,0.05384615384615385,910,AtoC_WT
230808_Einstein_PY_012_C636_WT_3_merge_ds_309k,exp1,C636,WT,3,AtoU,0.027472527472527472,910,AtoU_WT
230808_Einstein_PY_012_C636_WT_3_merge_ds_309k,exp1,C636,WT,3,CtoA,0.054945054945054944,910,CtoA_WT
230808_Einstein_PY_012_C636_WT_3_merge_ds_309k,exp1,C636,WT,3,CtoG,0.01098901098901099,910,CtoG_WT
230808_Einstein_PY_012_C636_WT_3_merge_ds_309k,exp1,C636,WT,3,CtoU,0.13296703296703297,910,CtoU_WT
230808_Einstein_PY_012_C636_WT_3_merge_ds_309k,exp1,C636,WT,3,GtoA,0.25274725274725274,910,GtoA_WT
230808_Einstein_PY_012_C636_WT_3_merge_ds_309k,exp1,C636,WT,3,GtoC,0.016483516483516484,910,GtoC_WT
230808_Einstein_PY_012_C636_WT_3_merge_ds_309k,exp1,C636,WT,3,GtoU,0.06483516483516484,910,GtoU_WT
230808_Einstein_PY_012_C636_WT_3_merge_ds_309k,exp1,C636,WT,3,UtoA,0.056043956043956046,910,UtoA_WT
230808_Einstein_PY_012_C636_WT_3_merge_ds_309k,exp1,C636,WT,3,UtoC,0.16153846153846155,910,UtoC_WT
230808_Einstein_PY_012_C636_WT_3_merge_ds_309k,exp1,C636,WT,3,UtoG,0.007692307692307693,910,UtoG_WT
230808_Einstein_PY_013_C636_Q192L_1_merge_ds_309k,exp1,C636,Q192L,1,AtoG,0.1909689557855127,1063,AtoG_Q192L
230808_Einstein_PY_013_C636_Q192L_1_merge_ds_309k,exp1,C636,Q192L,1,AtoC,0.03292568203198495,1063,AtoC_Q192L
230808_Einstein_PY_013_C636_Q192L_1_merge_ds_309k,exp1,C636,Q192L,1,AtoU,0.03386641580432737,1063,AtoU_Q192L
230808_Einstein_PY_013_C636_Q192L_1_merge_ds_309k,exp1,C636,Q192L,1,CtoA,0.07149576669802446,1063,CtoA_Q192L
230808_Einstein_PY_013_C636_Q192L_1_merge_ds_309k,exp1,C636,Q192L,1,CtoG,0.015051740357478834,1063,CtoG_Q192L
230808_Einstein_PY_013_C636_Q192L_1_merge_ds_309k,exp1,C636,Q192L,1,CtoU,0.14863593603010347,1063,CtoU_Q192L
230808_Einstein_PY_013_C636_Q192L_1_merge_ds_309k,exp1,C636,Q192L,1,GtoA,0.2681091251175917,1063,GtoA_Q192L
230808_Einstein_PY_013_C636_Q192L_1_merge_ds_309k,exp1,C636,Q192L,1,GtoC,0.00658513640639699,1063,GtoC_Q192L
230808_Einstein_PY_013_C636_Q192L_1_merge_ds_309k,exp1,C636,Q192L,1,GtoU,0.047036688617121354,1063,GtoU_Q192L
230808_Einstein_PY_013_C636_Q192L_1_merge_ds_309k,exp1,C636,Q192L,1,UtoA,0.053621825023518345,1063,UtoA_Q192L
230808_Einstein_PY_013_C636_Q192L_1_merge_ds_309k,exp1,C636,Q192L,1,UtoC,0.1533396048918156,1063,UtoC_Q192L
230808_Einstein_PY_013_C636_Q192L_1_merge_ds_309k,exp1,C636,Q192L,1,UtoG,0.004703668861712136,1063,UtoG_Q192L
230808_Einstein_PY_014_C636_Q192L_2_merge_ds_309k,exp1,C636,Q192L,2,AtoG,0.19672131147540983,1098,AtoG_Q192L
230808_Einstein_PY_014_C636_Q192L_2_merge_ds_309k,exp1,C636,Q192L,2,AtoC,0.04553734061930783,1098,AtoC_Q192L
230808_Einstein_PY_014_C636_Q192L_2_merge_ds_309k,exp1,C636,Q192L,2,AtoU,0.04189435336976321,1098,AtoU_Q192L
230808_Einstein_PY_014_C636_Q192L_2_merge_ds_309k,exp1,C636,Q192L,2,CtoA,0.07012750455373407,1098,CtoA_Q192L
230808_Einstein_PY_014_C636_Q192L_2_merge_ds_309k,exp1,C636,Q192L,2,CtoG,0.014571948998178506,1098,CtoG_Q192L
230808_Einstein_PY_014_C636_Q192L_2_merge_ds_309k,exp1,C636,Q192L,2,CtoU,0.12932604735883424,1098,CtoU_Q192L
230808_Einstein_PY_014_C636_Q192L_2_merge_ds_309k,exp1,C636,Q192L,2,GtoA,0.27595628415300544,1098,GtoA_Q192L
230808_Einstein_PY_014_C636_Q192L_2_merge_ds_309k,exp1,C636,Q192L,2,GtoC,0.007285974499089253,1098,GtoC_Q192L
230808_Einstein_PY_014_C636_Q192L_2_merge_ds_309k,exp1,C636,Q192L,2,GtoU,0.05373406193078324,1098,GtoU_Q192L
230808_Einstein_PY_014_C636_Q192L_2_merge_ds_309k,exp1,C636,Q192L,2,UtoA,0.04644808743169399,1098,UtoA_Q192L
230808_Einstein_PY_014_C636_Q192L_2_merge_ds_309k,exp1,C636,Q192L,2,UtoC,0.14754098360655737,1098,UtoC_Q192L
230808_Einstein_PY_014_C636_Q192L_2_merge_ds_309k,exp1,C636,Q192L,2,UtoG,0.0018214936247723133,1098,UtoG_Q192L
230808_Einstein_PY_015_C636_Q192L_3_merge_ds_309k,exp1,C636,Q192L,3,AtoG,0.20864381520119224,671,AtoG_Q192L
230808_Einstein_PY_015_C636_Q192L_3_merge_ds_309k,exp1,C636,Q192L,3,AtoC,0.044709388971684055,671,AtoC_Q192L
230808_Einstein_PY_015_C636_Q192L_3_merge_ds_309k,exp1,C636,Q192L,3,AtoU,0.04918032786885246,671,AtoU_Q192L
230808_Einstein_PY_015_C636_Q192L_3_merge_ds_309k,exp1,C636,Q192L,3,CtoA,0.05812220566318927,671,CtoA_Q192L
230808_Einstein_PY_015_C636_Q192L_3_merge_ds_309k,exp1,C636,Q192L,3,CtoG,0.019374068554396422,671,CtoG_Q192L
230808_Einstein_PY_015_C636_Q192L_3_merge_ds_309k,exp1,C636,Q192L,3,CtoU,0.13859910581222057,671,CtoU_Q192L
230808_Einstein_PY_015_C636_Q192L_3_merge_ds_309k,exp1,C636,Q192L,3,GtoA,0.2503725782414307,671,GtoA_Q192L
230808_Einstein_PY_015_C636_Q192L_3_merge_ds_309k,exp1,C636,Q192L,3,GtoC,0.011922503725782414,671,GtoC_Q192L
230808_Einstein_PY_015_C636_Q192L_3_merge_ds_309k,exp1,C636,Q192L,3,GtoU,0.05514157973174367,671,GtoU_Q192L
230808_Einstein_PY_015_C636_Q192L_3_merge_ds_309k,exp1,C636,Q192L,3,UtoA,0.04769001490312966,671,UtoA_Q192L
230808_Einstein_PY_015_C636_Q192L_3_merge_ds_309k,exp1,C636,Q192L,3,UtoC,0.13710879284649777,671,UtoC_Q192L
230808_Einstein_PY_015_C636_Q192L_3_merge_ds_309k,exp1,C636,Q192L,3,UtoG,0.007451564828614009,671,UtoG_Q192L
230808_Einstein_PY_016_C636_C483Y_1_merge_ds_309k,exp1,C636,C483Y,1,AtoG,0.18072289156626506,913,AtoG_C483Y
230808_Einstein_PY_016_C636_C483Y_1_merge_ds_309k,exp1,C636,C483Y,1,AtoC,0.05585980284775466,913,AtoC_C483Y
230808_Einstein_PY_016_C636_C483Y_1_merge_ds_309k,exp1,C636,C483Y,1,AtoU,0.04381161007667032,913,AtoU_C483Y
230808_Einstein_PY_016_C636_C483Y_1_merge_ds_309k,exp1,C636,C483Y,1,CtoA,0.08762322015334063,913,CtoA_C483Y
230808_Einstein_PY_016_C636_C483Y_1_merge_ds_309k,exp1,C636,C483Y,1,CtoG,0.00547645125958379,913,CtoG_C483Y
230808_Einstein_PY_016_C636_C483Y_1_merge_ds_309k,exp1,C636,C483Y,1,CtoU,0.12814895947426067,913,CtoU_C483Y
230808_Einstein_PY_016_C636_C483Y_1_merge_ds_309k,exp1,C636,C483Y,1,GtoA,0.2289156626506024,913,GtoA_C483Y
230808_Einstein_PY_016_C636_C483Y_1_merge_ds_309k,exp1,C636,C483Y,1,GtoC,0.012048192771084338,913,GtoC_C483Y
230808_Einstein_PY_016_C636_C483Y_1_merge_ds_309k,exp1,C636,C483Y,1,GtoU,0.06352683461117196,913,GtoU_C483Y
230808_Einstein_PY_016_C636_C483Y_1_merge_ds_309k,exp1,C636,C483Y,1,UtoA,0.05147864184008762,913,UtoA_C483Y
230808_Einstein_PY_016_C636_C483Y_1_merge_ds_309k,exp1,C636,C483Y,1,UtoC,0.16757940854326397,913,UtoC_C483Y
230808_Einstein_PY_016_C636_C483Y_1_merge_ds_309k,exp1,C636,C483Y,1,UtoG,0.0065717415115005475,913,UtoG_C483Y
230808_Einstein_PY_017_C636_C483Y_2_merge_ds_309k,exp1,C636,C483Y,2,AtoG,0.18062563067608475,991,AtoG_C483Y
230808_Einstein_PY_017_C636_C483Y_2_merge_ds_309k,exp1,C636,C483Y,2,AtoC,0.04944500504540868,991,AtoC_C483Y
230808_Einstein_PY_017_C636_C483Y_2_merge_ds_309k,exp1,C636,C483Y,2,AtoU,0.035317860746720484,991,AtoU_C483Y
230808_Einstein_PY_017_C636_C483Y_2_merge_ds_309k,exp1,C636,C483Y,2,CtoA,0.07265388496468214,991,CtoA_C483Y
230808_Einstein_PY_017_C636_C483Y_2_merge_ds_309k,exp1,C636,C483Y,2,CtoG,0.015136226034308779,991,CtoG_C483Y
230808_Einstein_PY_017_C636_C483Y_2_merge_ds_309k,exp1,C636,C483Y,2,CtoU,0.1442986881937437,991,CtoU_C483Y
230808_Einstein_PY_017_C636_C483Y_2_merge_ds_309k,exp1,C636,C483Y,2,GtoA,0.2250252270433905,991,GtoA_C483Y
230808_Einstein_PY_017_C636_C483Y_2_merge_ds_309k,exp1,C636,C483Y,2,GtoC,0.011099899091826439,991,GtoC_C483Y
230808_Einstein_PY_017_C636_C483Y_2_merge_ds_309k,exp1,C636,C483Y,2,GtoU,0.056508577194752774,991,GtoU_C483Y
230808_Einstein_PY_017_C636_C483Y_2_merge_ds_309k,exp1,C636,C483Y,2,UtoA,0.06256306760847628,991,UtoA_C483Y
230808_Einstein_PY_017_C636_C483Y_2_merge_ds_309k,exp1,C636,C483Y,2,UtoC,0.17658930373360243,991,UtoC_C483Y
230808_Einstein_PY_017_C636_C483Y_2_merge_ds_309k,exp1,C636,C483Y,2,UtoG,0.006054490413723511,991,UtoG_C483Y
230808_Einstein_PY_018_C636_C483Y_3_merge_ds_309k,exp1,C636,C483Y,3,AtoG,0.12163978494623656,1488,AtoG_C483Y
230808_Einstein_PY_018_C636_C483Y_3_merge_ds_309k,exp1,C636,C483Y,3,AtoC,0.02956989247311828,1488,AtoC_C483Y
230808_Einstein_PY_018_C636_C483Y_3_merge_ds_309k,exp1,C636,C483Y,3,AtoU,0.027553763440860215,1488,AtoU_C483Y
230808_Einstein_PY_018_C636_C483Y_3_merge_ds_309k,exp1,C636,C483Y,3,CtoA,0.07594086021505377,1488,CtoA_C483Y
230808_Einstein_PY_018_C636_C483Y_3_merge_ds_309k,exp1,C636,C483Y,3,CtoG,0.018145161290322582,1488,CtoG_C483Y
230808_Einstein_PY_018_C636_C483Y_3_merge_ds_309k,exp1,C636,C483Y,3,CtoU,0.18951612903225806,1488,CtoU_C483Y
230808_Einstein_PY_018_C636_C483Y_3_merge_ds_309k,exp1,C636,C483Y,3,GtoA,0.22580645161290322,1488,GtoA_C483Y
230808_Einstein_PY_018_C636_C483Y_3_merge_ds_309k,exp1,C636,C483Y,3,GtoC,0.020833333333333332,1488,GtoC_C483Y
230808_Einstein_PY_018_C636_C483Y_3_merge_ds_309k,exp1,C636,C483Y,3,GtoU,0.1592741935483871,1488,GtoU_C483Y
230808_Einstein_PY_018_C636_C483Y_3_merge_ds_309k,exp1,C636,C483Y,3,UtoA,0.02956989247311828,1488,UtoA_C483Y
230808_Einstein_PY_018_C636_C483Y_3_merge_ds_309k,exp1,C636,C483Y,3,UtoC,0.13709677419354838,1488,UtoC_C483Y
230808_Einstein_PY_018_C636_C483Y_3_merge_ds_309k,exp1,C636,C483Y,3,UtoG,0.005376344086021506,1488,UtoG_C483Y
230808_Einstein_PY_019_RNA_WT_merge_ds_309k,exp1,RNA,WT,merge,AtoG,0.15943728018757328,853,AtoG_WT
230808_Einstein_PY_019_RNA_WT_merge_ds_309k,exp1,RNA,WT,merge,AtoC,0.06213364595545135,853,AtoC_WT
230808_Einstein_PY_019_RNA_WT_merge_ds_309k,exp1,RNA,WT,merge,AtoU,0.02579132473622509,853,AtoU_WT
230808_Einstein_PY_019_RNA_WT_merge_ds_309k,exp1,RNA,WT,merge,CtoA,0.09261430246189918,853,CtoA_WT
230808_Einstein_PY_019_RNA_WT_merge_ds_309k,exp1,RNA,WT,merge,CtoG,0.004689331770222743,853,CtoG_WT
230808_Einstein_PY_019_RNA_WT_merge_ds_309k,exp1,RNA,WT,merge,CtoU,0.10902696365767878,853,CtoU_WT
230808_Einstein_PY_019_RNA_WT_merge_ds_309k,exp1,RNA,WT,merge,GtoA,0.26260257913247365,853,GtoA_WT
230808_Einstein_PY_019_RNA_WT_merge_ds_309k,exp1,RNA,WT,merge,GtoC,0.023446658851113716,853,GtoC_WT
230808_Einstein_PY_019_RNA_WT_merge_ds_309k,exp1,RNA,WT,merge,GtoU,0.09613130128956623,853,GtoU_WT
230808_Einstein_PY_019_RNA_WT_merge_ds_309k,exp1,RNA,WT,merge,UtoA,0.044548651817116064,853,UtoA_WT
230808_Einstein_PY_019_RNA_WT_merge_ds_309k,exp1,RNA,WT,merge,UtoC,0.141852286049238,853,UtoC_WT
230808_Einstein_PY_019_RNA_WT_merge_ds_309k,exp1,RNA,WT,merge,UtoG,0.007033997655334114,853,UtoG_WT
230808_Einstein_PY_020_RNA_Q192L_merge_ds_309k,exp1,RNA,Q192L,merge,AtoG,0.14114627887082976,1169,AtoG_Q192L
230808_Einstein_PY_020_RNA_Q192L_merge_ds_309k,exp1,RNA,Q192L,merge,AtoC,0.06244653550042772,1169,AtoC_Q192L
230808_Einstein_PY_020_RNA_Q192L_merge_ds_309k,exp1,RNA,Q192L,merge,AtoU,0.026518391787852865,1169,AtoU_Q192L
230808_Einstein_PY_020_RNA_Q192L_merge_ds_309k,exp1,RNA,Q192L,merge,CtoA,0.07356715141146279,1169,CtoA_Q192L
230808_Einstein_PY_020_RNA_Q192L_merge_ds_309k,exp1,RNA,Q192L,merge,CtoG,0.005988023952095809,1169,CtoG_Q192L
230808_Einstein_PY_020_RNA_Q192L_merge_ds_309k,exp1,RNA,Q192L,merge,CtoU,0.09238665526090675,1169,CtoU_Q192L
230808_Einstein_PY_020_RNA_Q192L_merge_ds_309k,exp1,RNA,Q192L,merge,GtoA,0.32078699743370404,1169,GtoA_Q192L
230808_Einstein_PY_020_RNA_Q192L_merge_ds_309k,exp1,RNA,Q192L,merge,GtoC,0.05218135158254919,1169,GtoC_Q192L
230808_Einstein_PY_020_RNA_Q192L_merge_ds_309k,exp1,RNA,Q192L,merge,GtoU,0.0932420872540633,1169,GtoU_Q192L
230808_Einstein_PY_020_RNA_Q192L_merge_ds_309k,exp1,RNA,Q192L,merge,UtoA,0.041916167664670656,1169,UtoA_Q192L
230808_Einstein_PY_020_RNA_Q192L_merge_ds_309k,exp1,RNA,Q192L,merge,UtoC,0.13857998289136014,1169,UtoC_Q192L
230808_Einstein_PY_020_RNA_Q192L_merge_ds_309k,exp1,RNA,Q192L,merge,UtoG,0.002566295979469632,1169,UtoG_Q192L
230808_Einstein_PY_021_RNA_C483Y_merge_ds_309k,exp1,RNA,C483Y,merge,AtoG,0.12300208478109799,1439,AtoG_C483Y
230808_Einstein_PY_021_RNA_C483Y_merge_ds_309k,exp1,RNA,C483Y,merge,AtoC,0.043085476025017375,1439,AtoC_C483Y
230808_Einstein_PY_021_RNA_C483Y_merge_ds_309k,exp1,RNA,C483Y,merge,AtoU,0.017373175816539264,1439,AtoU_C483Y
230808_Einstein_PY_021_RNA_C483Y_merge_ds_309k,exp1,RNA,C483Y,merge,CtoA,0.06254343293954134,1439,CtoA_C483Y
230808_Einstein_PY_021_RNA_C483Y_merge_ds_309k,exp1,RNA,C483Y,merge,CtoG,0.007644197359277276,1439,CtoG_C483Y
230808_Einstein_PY_021_RNA_C483Y_merge_ds_309k,exp1,RNA,C483Y,merge,CtoU,0.07435719249478805,1439,CtoU_C483Y
230808_Einstein_PY_021_RNA_C483Y_merge_ds_309k,exp1,RNA,C483Y,merge,GtoA,0.37595552466990967,1439,GtoA_C483Y
230808_Einstein_PY_021_RNA_C483Y_merge_ds_309k,exp1,RNA,C483Y,merge,GtoC,0.0945100764419736,1439,GtoC_C483Y
230808_Einstein_PY_021_RNA_C483Y_merge_ds_309k,exp1,RNA,C483Y,merge,GtoU,0.10562890896455872,1439,GtoU_C483Y
230808_Einstein_PY_021_RNA_C483Y_merge_ds_309k,exp1,RNA,C483Y,merge,UtoA,0.04447533009034051,1439,UtoA_C483Y
230808_Einstein_PY_021_RNA_C483Y_merge_ds_309k,exp1,RNA,C483Y,merge,UtoC,0.11118832522585129,1439,UtoC_C483Y
230808_Einstein_PY_021_RNA_C483Y_merge_ds_309k,exp1,RNA,C483Y,merge,UtoG,0.005559416261292564,1439,UtoG_C483Y
230808_Einstein_PY_025_plasmid_WT_1_merge_ds_309k,exp1,plasmid,WT,1,AtoG,0.1271186440677966,118,AtoG_WT
230808_Einstein_PY_025_plasmid_WT_1_merge_ds_309k,exp1,plasmid,WT,1,AtoC,0.00847457627118644,118,AtoC_WT
230808_Einstein_PY_025_plasmid_WT_1_merge_ds_309k,exp1,plasmid,WT,1,AtoU,0,118,AtoU_WT
230808_Einstein_PY_025_plasmid_WT_1_merge_ds_309k,exp1,plasmid,WT,1,CtoA,0.0847457627118644,118,CtoA_WT
230808_Einstein_PY_025_plasmid_WT_1_merge_ds_309k,exp1,plasmid,WT,1,CtoG,0,118,CtoG_WT
230808_Einstein_PY_025_plasmid_WT_1_merge_ds_309k,exp1,plasmid,WT,1,CtoU,0.3220338983050847,118,CtoU_WT
230808_Einstein_PY_025_plasmid_WT_1_merge_ds_309k,exp1,plasmid,WT,1,GtoA,0.2457627118644068,118,GtoA_WT
230808_Einstein_PY_025_plasmid_WT_1_merge_ds_309k,exp1,plasmid,WT,1,GtoC,0,118,GtoC_WT
230808_Einstein_PY_025_plasmid_WT_1_merge_ds_309k,exp1,plasmid,WT,1,GtoU,0.1016949152542373,118,GtoU_WT
230808_Einstein_PY_025_plasmid_WT_1_merge_ds_309k,exp1,plasmid,WT,1,UtoA,0.00847457627118644,118,UtoA_WT
230808_Einstein_PY_025_plasmid_WT_1_merge_ds_309k,exp1,plasmid,WT,1,UtoC,0.1016949152542373,118,UtoC_WT
230808_Einstein_PY_025_plasmid_WT_1_merge_ds_309k,exp1,plasmid,WT,1,UtoG,0,118,UtoG_WT
230808_Einstein_PY_026_plasmid_Q192L_1_merge_ds_309k,exp1,plasmid,Q192L,1,AtoG,0.1871345029239766,171,AtoG_Q192L
230808_Einstein_PY_026_plasmid_Q192L_1_merge_ds_309k,exp1,plasmid,Q192L,1,AtoC,0,171,AtoC_Q192L
230808_Einstein_PY_026_plasmid_Q192L_1_merge_ds_309k,exp1,plasmid,Q192L,1,AtoU,0.017543859649122806,171,AtoU_Q192L
230808_Einstein_PY_026_plasmid_Q192L_1_merge_ds_309k,exp1,plasmid,Q192L,1,CtoA,0.14619883040935672,171,CtoA_Q192L
230808_Einstein_PY_026_plasmid_Q192L_1_merge_ds_309k,exp1,plasmid,Q192L,1,CtoG,0,171,CtoG_Q192L
230808_Einstein_PY_026_plasmid_Q192L_1_merge_ds_309k,exp1,plasmid,Q192L,1,CtoU,0.28654970760233917,171,CtoU_Q192L
230808_Einstein_PY_026_plasmid_Q192L_1_merge_ds_309k,exp1,plasmid,Q192L,1,GtoA,0.13450292397660818,171,GtoA_Q192L
230808_Einstein_PY_026_plasmid_Q192L_1_merge_ds_309k,exp1,plasmid,Q192L,1,GtoC,0.005847953216374269,171,GtoC_Q192L
230808_Einstein_PY_026_plasmid_Q192L_1_merge_ds_309k,exp1,plasmid,Q192L,1,GtoU,0.0935672514619883,171,GtoU_Q192L
230808_Einstein_PY_026_plasmid_Q192L_1_merge_ds_309k,exp1,plasmid,Q192L,1,UtoA,0.005847953216374269,171,UtoA_Q192L
230808_Einstein_PY_026_plasmid_Q192L_1_merge_ds_309k,exp1,plasmid,Q192L,1,UtoC,0.12280701754385964,171,UtoC_Q192L
230808_Einstein_PY_026_plasmid_Q192L_1_merge_ds_309k,exp1,plasmid,Q192L,1,UtoG,0,171,UtoG_Q192L
230808_Einstein_PY_027_plasmid_C483Y_1_merge_ds_309k,exp1,plasmid,C483Y,1,AtoG,0.15789473684210525,152,AtoG_C483Y
230808_Einstein_PY_027_plasmid_C483Y_1_merge_ds_309k,exp1,plasmid,C483Y,1,AtoC,0,152,AtoC_C483Y
230808_Einstein_PY_027_plasmid_C483Y_1_merge_ds_309k,exp1,plasmid,C483Y,1,AtoU,0,152,AtoU_C483Y
230808_Einstein_PY_027_plasmid_C483Y_1_merge_ds_309k,exp1,plasmid,C483Y,1,CtoA,0.1513157894736842,152,CtoA_C483Y
230808_Einstein_PY_027_plasmid_C483Y_1_merge_ds_309k,exp1,plasmid,C483Y,1,CtoG,0,152,CtoG_C483Y
230808_Einstein_PY_027_plasmid_C483Y_1_merge_ds_309k,exp1,plasmid,C483Y,1,CtoU,0.19078947368421054,152,CtoU_C483Y
230808_Einstein_PY_027_plasmid_C483Y_1_merge_ds_309k,exp1,plasmid,C483Y,1,GtoA,0.21710526315789475,152,GtoA_C483Y
230808_Einstein_PY_027_plasmid_C483Y_1_merge_ds_309k,exp1,plasmid,C483Y,1,GtoC,0.006578947368421052,152,GtoC_C483Y
230808_Einstein_PY_027_plasmid_C483Y_1_merge_ds_309k,exp1,plasmid,C483Y,1,GtoU,0.16447368421052633,152,GtoU_C483Y
230808_Einstein_PY_027_plasmid_C483Y_1_merge_ds_309k,exp1,plasmid,C483Y,1,UtoA,0,152,UtoA_C483Y
230808_Einstein_PY_027_plasmid_C483Y_1_merge_ds_309k,exp1,plasmid,C483Y,1,UtoC,0.1118421052631579,152,UtoC_C483Y
230808_Einstein_PY_027_plasmid_C483Y_1_merge_ds_309k,exp1,plasmid,C483Y,1,UtoG,0,152,UtoG_C483Y
231018_Einstein_PY_001_U2OS_WT_1_readcounts,exp2,U2OS,WT,1,AtoG,0.13761467889908258,763,AtoG_WT
231018_Einstein_PY_001_U2OS_WT_1_readcounts,exp2,U2OS,WT,1,AtoC,0.0655307994757536,763,AtoC_WT
231018_Einstein_PY_001_U2OS_WT_1_readcounts,exp2,U2OS,WT,1,AtoU,0.04193971166448231,763,AtoU_WT
231018_Einstein_PY_001_U2OS_WT_1_readcounts,exp2,U2OS,WT,1,CtoA,0.06684141546526867,763,CtoA_WT
231018_Einstein_PY_001_U2OS_WT_1_readcounts,exp2,U2OS,WT,1,CtoG,0.010484927916120577,763,CtoG_WT
231018_Einstein_PY_001_U2OS_WT_1_readcounts,exp2,U2OS,WT,1,CtoU,0.1598951507208388,763,CtoU_WT
231018_Einstein_PY_001_U2OS_WT_1_readcounts,exp2,U2OS,WT,1,GtoA,0.2817824377457405,763,GtoA_WT
231018_Einstein_PY_001_U2OS_WT_1_readcounts,exp2,U2OS,WT,1,GtoC,0.01834862385321101,763,GtoC_WT
231018_Einstein_PY_001_U2OS_WT_1_readcounts,exp2,U2OS,WT,1,GtoU,0.05111402359108781,763,GtoU_WT
231018_Einstein_PY_001_U2OS_WT_1_readcounts,exp2,U2OS,WT,1,UtoA,0.04325032765399738,763,UtoA_WT
231018_Einstein_PY_001_U2OS_WT_1_readcounts,exp2,U2OS,WT,1,UtoC,0.15334207077326342,763,UtoC_WT
231018_Einstein_PY_001_U2OS_WT_1_readcounts,exp2,U2OS,WT,1,UtoG,0.009174311926605505,763,UtoG_WT
231018_Einstein_PY_002_U2OS_WT_2_readcounts,exp2,U2OS,WT,2,AtoG,0.140485312899106,783,AtoG_WT
231018_Einstein_PY_002_U2OS_WT_2_readcounts,exp2,U2OS,WT,2,AtoC,0.08939974457215837,783,AtoC_WT
231018_Einstein_PY_002_U2OS_WT_2_readcounts,exp2,U2OS,WT,2,AtoU,0.03065134099616858,783,AtoU_WT
231018_Einstein_PY_002_U2OS_WT_2_readcounts,exp2,U2OS,WT,2,CtoA,0.037037037037037035,783,CtoA_WT
231018_Einstein_PY_002_U2OS_WT_2_readcounts,exp2,U2OS,WT,2,CtoG,0.008939974457215836,783,CtoG_WT
231018_Einstein_PY_002_U2OS_WT_2_readcounts,exp2,U2OS,WT,2,CtoU,0.210727969348659,783,CtoU_WT
231018_Einstein_PY_002_U2OS_WT_2_readcounts,exp2,U2OS,WT,2,GtoA,0.280970625798212,783,GtoA_WT
231018_Einstein_PY_002_U2OS_WT_2_readcounts,exp2,U2OS,WT,2,GtoC,0.008939974457215836,783,GtoC_WT
231018_Einstein_PY_002_U2OS_WT_2_readcounts,exp2,U2OS,WT,2,GtoU,0.0421455938697318,783,GtoU_WT
231018_Einstein_PY_002_U2OS_WT_2_readcounts,exp2,U2OS,WT,2,UtoA,0.021711366538952746,783,UtoA_WT
231018_Einstein_PY_002_U2OS_WT_2_readcounts,exp2,U2OS,WT,2,UtoC,0.1583652618135377,783,UtoC_WT
231018_Einstein_PY_002_U2OS_WT_2_readcounts,exp2,U2OS,WT,2,UtoG,0.005108556832694764,783,UtoG_WT
231018_Einstein_PY_003_U2OS_WT_3_readcounts,exp2,U2OS,WT,3,AtoG,0.1639549436795995,799,AtoG_WT
231018_Einstein_PY_003_U2OS_WT_3_readcounts,exp2,U2OS,WT,3,AtoC,0.07384230287859825,799,AtoC_WT
231018_Einstein_PY_003_U2OS_WT_3_readcounts,exp2,U2OS,WT,3,AtoU,0.025031289111389236,799,AtoU_WT
231018_Einstein_PY_003_U2OS_WT_3_readcounts,exp2,U2OS,WT,3,CtoA,0.060075093867334166,799,CtoA_WT
231018_Einstein_PY_003_U2OS_WT_3_readcounts,exp2,U2OS,WT,3,CtoG,0.0037546933667083854,799,CtoG_WT
231018_Einstein_PY_003_U2OS_WT_3_readcounts,exp2,U2OS,WT,3,CtoU,0.2127659574468085,799,CtoU_WT
231018_Einstein_PY_003_U2OS_WT_3_readcounts,exp2,U2OS,WT,3,GtoA,0.27033792240300375,799,GtoA_WT
231018_Einstein_PY_003_U2OS_WT_3_readcounts,exp2,U2OS,WT,3,GtoC,0.007509386733416771,799,GtoC_WT
231018_Einstein_PY_003_U2OS_WT_3_readcounts,exp2,U2OS,WT,3,GtoU,0.030037546933667083,799,GtoU_WT
231018_Einstein_PY_003_U2OS_WT_3_readcounts,exp2,U2OS,WT,3,UtoA,0.02753441802252816,799,UtoA_WT
231018_Einstein_PY_003_U2OS_WT_3_readcounts,exp2,U2OS,WT,3,UtoC,0.1539424280350438,799,UtoC_WT
231018_Einstein_PY_003_U2OS_WT_3_readcounts,exp2,U2OS,WT,3,UtoG,0.0025031289111389237,799,UtoG_WT
231018_Einstein_PY_004_U2OS_Q192L_1_readcounts,exp2,U2OS,Q192L,1,AtoG,0.16151545363908276,1003,AtoG_Q192L
231018_Einstein_PY_004_U2OS_Q192L_1_readcounts,exp2,U2OS,Q192L,1,AtoC,0.047856430707876374,1003,AtoC_Q192L
231018_Einstein_PY_004_U2OS_Q192L_1_readcounts,exp2,U2OS,Q192L,1,AtoU,0.038883349950149554,1003,AtoU_Q192L
231018_Einstein_PY_004_U2OS_Q192L_1_readcounts,exp2,U2OS,Q192L,1,CtoA,0.05682951146560319,1003,CtoA_Q192L
231018_Einstein_PY_004_U2OS_Q192L_1_readcounts,exp2,U2OS,Q192L,1,CtoG,0.004985044865403789,1003,CtoG_Q192L
231018_Einstein_PY_004_U2OS_Q192L_1_readcounts,exp2,U2OS,Q192L,1,CtoU,0.16550348953140578,1003,CtoU_Q192L
231018_Einstein_PY_004_U2OS_Q192L_1_readcounts,exp2,U2OS,Q192L,1,GtoA,0.3120638085742772,1003,GtoA_Q192L
231018_Einstein_PY_004_U2OS_Q192L_1_readcounts,exp2,U2OS,Q192L,1,GtoC,0.010967098703888335,1003,GtoC_Q192L
231018_Einstein_PY_004_U2OS_Q192L_1_readcounts,exp2,U2OS,Q192L,1,GtoU,0.045862412761714856,1003,GtoU_Q192L
231018_Einstein_PY_004_U2OS_Q192L_1_readcounts,exp2,U2OS,Q192L,1,UtoA,0.023928215353938187,1003,UtoA_Q192L
231018_Einstein_PY_004_U2OS_Q192L_1_readcounts,exp2,U2OS,Q192L,1,UtoC,0.16151545363908276,1003,UtoC_Q192L
231018_Einstein_PY_004_U2OS_Q192L_1_readcounts,exp2,U2OS,Q192L,1,UtoG,0.003988035892323031,1003,UtoG_Q192L
231018_Einstein_PY_005_U2OS_Q192L_2_readcounts,exp2,U2OS,Q192L,2,AtoG,0.12572533849129594,1034,AtoG_Q192L
231018_Einstein_PY_005_U2OS_Q192L_2_readcounts,exp2,U2OS,Q192L,2,AtoC,0.047388781431334626,1034,AtoC_Q192L
231018_Einstein_PY_005_U2OS_Q192L_2_readcounts,exp2,U2OS,Q192L,2,AtoU,0.03868471953578337,1034,AtoU_Q192L
231018_Einstein_PY_005_U2OS_Q192L_2_readcounts,exp2,U2OS,Q192L,2,CtoA,0.047388781431334626,1034,CtoA_Q192L
231018_Einstein_PY_005_U2OS_Q192L_2_readcounts,exp2,U2OS,Q192L,2,CtoG,0.006769825918762089,1034,CtoG_Q192L
231018_Einstein_PY_005_U2OS_Q192L_2_readcounts,exp2,U2OS,Q192L,2,CtoU,0.18568665377176016,1034,CtoU_Q192L
231018_Einstein_PY_005_U2OS_Q192L_2_readcounts,exp2,U2OS,Q192L,2,GtoA,0.32495164410058025,1034,GtoA_Q192L
231018_Einstein_PY_005_U2OS_Q192L_2_readcounts,exp2,U2OS,Q192L,2,GtoC,0.010638297872340425,1034,GtoC_Q192L
231018_Einstein_PY_005_U2OS_Q192L_2_readcounts,exp2,U2OS,Q192L,2,GtoU,0.043520309477756286,1034,GtoU_Q192L
231018_Einstein_PY_005_U2OS_Q192L_2_readcounts,exp2,U2OS,Q192L,2,UtoA,0.030947775628626693,1034,UtoA_Q192L
231018_Einstein_PY_005_U2OS_Q192L_2_readcounts,exp2,U2OS,Q192L,2,UtoC,0.1644100580270793,1034,UtoC_Q192L
231018_Einstein_PY_005_U2OS_Q192L_2_readcounts,exp2,U2OS,Q192L,2,UtoG,0.0038684719535783366,1034,UtoG_Q192L
231018_Einstein_PY_006_U2OS_Q192L_3_readcounts,exp2,U2OS,Q192L,3,AtoG,0.14770642201834863,1090,AtoG_Q192L
231018_Einstein_PY_006_U2OS_Q192L_3_readcounts,exp2,U2OS,Q192L,3,AtoC,0.04954128440366973,1090,AtoC_Q192L
231018_Einstein_PY_006_U2OS_Q192L_3_readcounts,exp2,U2OS,Q192L,3,AtoU,0.04036697247706422,1090,AtoU_Q192L
231018_Einstein_PY_006_U2OS_Q192L_3_readcounts,exp2,U2OS,Q192L,3,CtoA,0.043119266055045874,1090,CtoA_Q192L
231018_Einstein_PY_006_U2OS_Q192L_3_readcounts,exp2,U2OS,Q192L,3,CtoG,0.007339449541284404,1090,CtoG_Q192L
231018_Einstein_PY_006_U2OS_Q192L_3_readcounts,exp2,U2OS,Q192L,3,CtoU,0.20275229357798166,1090,CtoU_Q192L
231018_Einstein_PY_006_U2OS_Q192L_3_readcounts,exp2,U2OS,Q192L,3,GtoA,0.27339449541284405,1090,GtoA_Q192L
231018_Einstein_PY_006_U2OS_Q192L_3_readcounts,exp2,U2OS,Q192L,3,GtoC,0.008256880733944955,1090,GtoC_Q192L
231018_Einstein_PY_006_U2OS_Q192L_3_readcounts,exp2,U2OS,Q192L,3,GtoU,0.044036697247706424,1090,GtoU_Q192L
231018_Einstein_PY_006_U2OS_Q192L_3_readcounts,exp2,U2OS,Q192L,3,UtoA,0.023853211009174313,1090,UtoA_Q192L
231018_Einstein_PY_006_U2OS_Q192L_3_readcounts,exp2,U2OS,Q192L,3,UtoC,0.181651376146789,1090,UtoC_Q192L
231018_Einstein_PY_006_U2OS_Q192L_3_readcounts,exp2,U2OS,Q192L,3,UtoG,0.0045871559633027525,1090,UtoG_Q192L
231018_Einstein_PY_007_U2OS_C483Y_1_readcounts,exp2,U2OS,C483Y,1,AtoG,0.15772870662460567,951,AtoG_C483Y
231018_Einstein_PY_007_U2OS_C483Y_1_readcounts,exp2,U2OS,C483Y,1,AtoC,0.052576235541535225,951,AtoC_C483Y
231018_Einstein_PY_007_U2OS_C483Y_1_readcounts,exp2,U2OS,C483Y,1,AtoU,0.0452155625657203,951,AtoU_C483Y
231018_Einstein_PY_007_U2OS_C483Y_1_readcounts,exp2,U2OS,C483Y,1,CtoA,0.03890641430073607,951,CtoA_C483Y
231018_Einstein_PY_007_U2OS_C483Y_1_readcounts,exp2,U2OS,C483Y,1,CtoG,0.00946372239747634,951,CtoG_C483Y
231018_Einstein_PY_007_U2OS_C483Y_1_readcounts,exp2,U2OS,C483Y,1,CtoU,0.17875920084121977,951,CtoU_C483Y
231018_Einstein_PY_007_U2OS_C483Y_1_readcounts,exp2,U2OS,C483Y,1,GtoA,0.2754994742376446,951,GtoA_C483Y
231018_Einstein_PY_007_U2OS_C483Y_1_readcounts,exp2,U2OS,C483Y,1,GtoC,0.02103049421661409,951,GtoC_C483Y
231018_Einstein_PY_007_U2OS_C483Y_1_readcounts,exp2,U2OS,C483Y,1,GtoU,0.054679284963196635,951,GtoU_C483Y
231018_Einstein_PY_007_U2OS_C483Y_1_readcounts,exp2,U2OS,C483Y,1,UtoA,0.030494216614090432,951,UtoA_C483Y
231018_Einstein_PY_007_U2OS_C483Y_1_readcounts,exp2,U2OS,C483Y,1,UtoC,0.15772870662460567,951,UtoC_C483Y
231018_Einstein_PY_007_U2OS_C483Y_1_readcounts,exp2,U2OS,C483Y,1,UtoG,0.004206098843322818,951,UtoG_C483Y
231018_Einstein_PY_008_U2OS_C483Y_2_readcounts,exp2,U2OS,C483Y,2,AtoG,0.13205417607223477,886,AtoG_C483Y
231018_Einstein_PY_008_U2OS_C483Y_2_readcounts,exp2,U2OS,C483Y,2,AtoC,0.04401805869074492,886,AtoC_C483Y
231018_Einstein_PY_008_U2OS_C483Y_2_readcounts,exp2,U2OS,C483Y,2,AtoU,0.05304740406320542,886,AtoU_C483Y
231018_Einstein_PY_008_U2OS_C483Y_2_readcounts,exp2,U2OS,C483Y,2,CtoA,0.05869074492099323,886,CtoA_C483Y
231018_Einstein_PY_008_U2OS_C483Y_2_readcounts,exp2,U2OS,C483Y,2,CtoG,0.007900677200902935,886,CtoG_C483Y
231018_Einstein_PY_008_U2OS_C483Y_2_readcounts,exp2,U2OS,C483Y,2,CtoU,0.2200902934537246,886,CtoU_C483Y
231018_Einstein_PY_008_U2OS_C483Y_2_readcounts,exp2,U2OS,C483Y,2,GtoA,0.28216704288939054,886,GtoA_C483Y
231018_Einstein_PY_008_U2OS_C483Y_2_readcounts,exp2,U2OS,C483Y,2,GtoC,0.016930022573363433,886,GtoC_C483Y
231018_Einstein_PY_008_U2OS_C483Y_2_readcounts,exp2,U2OS,C483Y,2,GtoU,0.050790067720090294,886,GtoU_C483Y
231018_Einstein_PY_008_U2OS_C483Y_2_readcounts,exp2,U2OS,C483Y,2,UtoA,0.02708803611738149,886,UtoA_C483Y
231018_Einstein_PY_008_U2OS_C483Y_2_readcounts,exp2,U2OS,C483Y,2,UtoC,0.13318284424379231,886,UtoC_C483Y
231018_Einstein_PY_008_U2OS_C483Y_2_readcounts,exp2,U2OS,C483Y,2,UtoG,0.007900677200902933,886,UtoG_C483Y
231018_Einstein_PY_009_U2OS_C483Y_3_readcounts,exp2,U2OS,C483Y,3,AtoG,0.16279069767441862,817,AtoG_C483Y
231018_Einstein_PY_009_U2OS_C483Y_3_readcounts,exp2,U2OS,C483Y,3,AtoC,0.051407588739290085,817,AtoC_C483Y
231018_Einstein_PY_009_U2OS_C483Y_3_readcounts,exp2,U2OS,C483Y,3,AtoU,0.03549571603427173,817,AtoU_C483Y
231018_Einstein_PY_009_U2OS_C483Y_3_readcounts,exp2,U2OS,C483Y,3,CtoA,0.06487148102815178,817,CtoA_C483Y
231018_Einstein_PY_009_U2OS_C483Y_3_readcounts,exp2,U2OS,C483Y,3,CtoG,0.0036719706242350062,817,CtoG_C483Y
231018_Einstein_PY_009_U2OS_C483Y_3_readcounts,exp2,U2OS,C483Y,3,CtoU,0.19583843329253367,817,CtoU_C483Y
231018_Einstein_PY_009_U2OS_C483Y_3_readcounts,exp2,U2OS,C483Y,3,GtoA,0.29253365973072215,817,GtoA_C483Y
231018_Einstein_PY_009_U2OS_C483Y_3_readcounts,exp2,U2OS,C483Y,3,GtoC,0.009791921664626682,817,GtoC_C483Y
231018_Einstein_PY_009_U2OS_C483Y_3_readcounts,exp2,U2OS,C483Y,3,GtoU,0.051407588739290085,817,GtoU_C483Y
231018_Einstein_PY_009_U2OS_C483Y_3_readcounts,exp2,U2OS,C483Y,3,UtoA,0.03182374541003672,817,UtoA_C483Y
231018_Einstein_PY_009_U2OS_C483Y_3_readcounts,exp2,U2OS,C483Y,3,UtoC,0.12974296205630356,817,UtoC_C483Y
231018_Einstein_PY_009_U2OS_C483Y_3_readcounts,exp2,U2OS,C483Y,3,UtoG,0.009791921664626682,817,UtoG_C483Y
231018_Einstein_PY_010_C636_WT_1_readcounts,exp2,C636,WT,1,AtoG,0.14884979702300405,739,AtoG_WT
231018_Einstein_PY_010_C636_WT_1_readcounts,exp2,C636,WT,1,AtoC,0.058186738836265225,739,AtoC_WT
231018_Einstein_PY_010_C636_WT_1_readcounts,exp2,C636,WT,1,AtoU,0.04330175913396482,739,AtoU_WT
231018_Einstein_PY_010_C636_WT_1_readcounts,exp2,C636,WT,1,CtoA,0.06359945872801083,739,CtoA_WT
231018_Einstein_PY_010_C636_WT_1_readcounts,exp2,C636,WT,1,CtoG,0.010825439783491205,739,CtoG_WT
231018_Einstein_PY_010_C636_WT_1_readcounts,exp2,C636,WT,1,CtoU,0.17726657645466848,739,CtoU_WT
231018_Einstein_PY_010_C636_WT_1_readcounts,exp2,C636,WT,1,GtoA,0.28416779431664413,739,GtoA_WT
231018_Einstein_PY_010_C636_WT_1_readcounts,exp2,C636,WT,1,GtoC,0.010825439783491205,739,GtoC_WT
231018_Einstein_PY_010_C636_WT_1_readcounts,exp2,C636,WT,1,GtoU,0.04330175913396482,739,GtoU_WT
231018_Einstein_PY_010_C636_WT_1_readcounts,exp2,C636,WT,1,UtoA,0.02435723951285521,739,UtoA_WT
231018_Einstein_PY_010_C636_WT_1_readcounts,exp2,C636,WT,1,UtoC,0.15561569688768606,739,UtoC_WT
231018_Einstein_PY_010_C636_WT_1_readcounts,exp2,C636,WT,1,UtoG,0.010825439783491205,739,UtoG_WT
231018_Einstein_PY_011_C636_WT_2_readcounts,exp2,C636,WT,2,AtoG,0.13854595336076816,729,AtoG_WT
231018_Einstein_PY_011_C636_WT_2_readcounts,exp2,C636,WT,2,AtoC,0.053497942386831275,729,AtoC_WT
231018_Einstein_PY_011_C636_WT_2_readcounts,exp2,C636,WT,2,AtoU,0.03292181069958848,729,AtoU_WT
231018_Einstein_PY_011_C636_WT_2_readcounts,exp2,C636,WT,2,CtoA,0.05486968449931413,729,CtoA_WT
231018_Einstein_PY_011_C636_WT_2_readcounts,exp2,C636,WT,2,CtoG,0.00823045267489712,729,CtoG_WT
231018_Einstein_PY_011_C636_WT_2_readcounts,exp2,C636,WT,2,CtoU,0.23045267489711935,729,CtoU_WT
231018_Einstein_PY_011_C636_WT_2_readcounts,exp2,C636,WT,2,GtoA,0.2935528120713306,729,GtoA_WT
231018_Einstein_PY_011_C636_WT_2_readcounts,exp2,C636,WT,2,GtoC,0.010973936899862825,729,GtoC_WT
231018_Einstein_PY_011_C636_WT_2_readcounts,exp2,C636,WT,2,GtoU,0.04252400548696845,729,GtoU_WT
231018_Einstein_PY_011_C636_WT_2_readcounts,exp2,C636,WT,2,UtoA,0.01783264746227709,729,UtoA_WT
231018_Einstein_PY_011_C636_WT_2_readcounts,exp2,C636,WT,2,UtoC,0.13717421124828533,729,UtoC_WT
231018_Einstein_PY_011_C636_WT_2_readcounts,exp2,C636,WT,2,UtoG,0.004115226337448559,729,UtoG_WT
231018_Einstein_PY_012_C636_WT_3_readcounts,exp2,C636,WT,3,AtoG,0.12575757575757576,660,AtoG_WT
231018_Einstein_PY_012_C636_WT_3_readcounts,exp2,C636,WT,3,AtoC,0.06060606060606061,660,AtoC_WT
231018_Einstein_PY_012_C636_WT_3_readcounts,exp2,C636,WT,3,AtoU,0.03787878787878788,660,AtoU_WT
231018_Einstein_PY_012_C636_WT_3_readcounts,exp2,C636,WT,3,CtoA,0.05909090909090909,660,CtoA_WT
231018_Einstein_PY_012_C636_WT_3_readcounts,exp2,C636,WT,3,CtoG,0.007575757575757576,660,CtoG_WT
231018_Einstein_PY_012_C636_WT_3_readcounts,exp2,C636,WT,3,CtoU,0.19545454545454546,660,CtoU_WT
231018_Einstein_PY_012_C636_WT_3_readcounts,exp2,C636,WT,3,GtoA,0.2787878787878788,660,GtoA_WT
231018_Einstein_PY_012_C636_WT_3_readcounts,exp2,C636,WT,3,GtoC,0.013636363636363636,660,GtoC_WT
231018_Einstein_PY_012_C636_WT_3_readcounts,exp2,C636,WT,3,GtoU,0.05303030303030303,660,GtoU_WT
231018_Einstein_PY_012_C636_WT_3_readcounts,exp2,C636,WT,3,UtoA,0.031818181818181815,660,UtoA_WT
231018_Einstein_PY_012_C636_WT_3_readcounts,exp2,C636,WT,3,UtoC,0.16515151515151516,660,UtoC_WT
231018_Einstein_PY_012_C636_WT_3_readcounts,exp2,C636,WT,3,UtoG,0.007575757575757576,660,UtoG_WT
231018_Einstein_PY_013_C636_Q192L_1_readcounts,exp2,C636,Q192L,1,AtoG,0.1762820512820513,936,AtoG_Q192L
231018_Einstein_PY_013_C636_Q192L_1_readcounts,exp2,C636,Q192L,1,AtoC,0.04700854700854701,936,AtoC_Q192L
231018_Einstein_PY_013_C636_Q192L_1_readcounts,exp2,C636,Q192L,1,AtoU,0.03205128205128205,936,AtoU_Q192L
231018_Einstein_PY_013_C636_Q192L_1_readcounts,exp2,C636,Q192L,1,CtoA,0.042735042735042736,936,CtoA_Q192L
231018_Einstein_PY_013_C636_Q192L_1_readcounts,exp2,C636,Q192L,1,CtoG,0.013888888888888888,936,CtoG_Q192L
231018_Einstein_PY_013_C636_Q192L_1_readcounts,exp2,C636,Q192L,1,CtoU,0.18162393162393162,936,CtoU_Q192L
231018_Einstein_PY_013_C636_Q192L_1_readcounts,exp2,C636,Q192L,1,GtoA,0.30128205128205127,936,GtoA_Q192L
231018_Einstein_PY_013_C636_Q192L_1_readcounts,exp2,C636,Q192L,1,GtoC,0.0202991452991453,936,GtoC_Q192L
231018_Einstein_PY_013_C636_Q192L_1_readcounts,exp2,C636,Q192L,1,GtoU,0.028846153846153848,936,GtoU_Q192L
231018_Einstein_PY_013_C636_Q192L_1_readcounts,exp2,C636,Q192L,1,UtoA,0.030982905982905984,936,UtoA_Q192L
231018_Einstein_PY_013_C636_Q192L_1_readcounts,exp2,C636,Q192L,1,UtoC,0.1517094017094017,936,UtoC_Q192L
231018_Einstein_PY_013_C636_Q192L_1_readcounts,exp2,C636,Q192L,1,UtoG,0.006410256410256411,936,UtoG_Q192L
231018_Einstein_PY_014_C636_Q192L_2_readcounts,exp2,C636,Q192L,2,AtoG,0.15921483097055616,917,AtoG_Q192L
231018_Einstein_PY_014_C636_Q192L_2_readcounts,exp2,C636,Q192L,2,AtoC,0.05125408942202835,917,AtoC_Q192L
231018_Einstein_PY_014_C636_Q192L_2_readcounts,exp2,C636,Q192L,2,AtoU,0.03598691384950927,917,AtoU_Q192L
231018_Einstein_PY_014_C636_Q192L_2_readcounts,exp2,C636,Q192L,2,CtoA,0.03707742639040349,917,CtoA_Q192L
231018_Einstein_PY_014_C636_Q192L_2_readcounts,exp2,C636,Q192L,2,CtoG,0.011995637949836423,917,CtoG_Q192L
231018_Einstein_PY_014_C636_Q192L_2_readcounts,exp2,C636,Q192L,2,CtoU,0.2093784078516903,917,CtoU_Q192L
231018_Einstein_PY_014_C636_Q192L_2_readcounts,exp2,C636,Q192L,2,GtoA,0.29116684841875684,917,GtoA_Q192L
231018_Einstein_PY_014_C636_Q192L_2_readcounts,exp2,C636,Q192L,2,GtoC,0.006543075245365322,917,GtoC_Q192L
231018_Einstein_PY_014_C636_Q192L_2_readcounts,exp2,C636,Q192L,2,GtoU,0.03380588876772083,917,GtoU_Q192L
231018_Einstein_PY_014_C636_Q192L_2_readcounts,exp2,C636,Q192L,2,UtoA,0.020719738276990186,917,UtoA_Q192L
231018_Einstein_PY_014_C636_Q192L_2_readcounts,exp2,C636,Q192L,2,UtoC,0.1723009814612868,917,UtoC_Q192L
231018_Einstein_PY_014_C636_Q192L_2_readcounts,exp2,C636,Q192L,2,UtoG,0.0032715376226826612,917,UtoG_Q192L
231018_Einstein_PY_015_C636_Q192L_3_readcounts,exp2,C636,Q192L,3,AtoG,0.16722408026755853,897,AtoG_Q192L
231018_Einstein_PY_015_C636_Q192L_3_readcounts,exp2,C636,Q192L,3,AtoC,0.05128205128205128,897,AtoC_Q192L
231018_Einstein_PY_015_C636_Q192L_3_readcounts,exp2,C636,Q192L,3,AtoU,0.03455964325529543,897,AtoU_Q192L
231018_Einstein_PY_015_C636_Q192L_3_readcounts,exp2,C636,Q192L,3,CtoA,0.043478260869565216,897,CtoA_Q192L
231018_Einstein_PY_015_C636_Q192L_3_readcounts,exp2,C636,Q192L,3,CtoG,0.006688963210702341,897,CtoG_Q192L
231018_Einstein_PY_015_C636_Q192L_3_readcounts,exp2,C636,Q192L,3,CtoU,0.19509476031215162,897,CtoU_Q192L
231018_Einstein_PY_015_C636_Q192L_3_readcounts,exp2,C636,Q192L,3,GtoA,0.2887402452619844,897,GtoA_Q192L
231018_Einstein_PY_015_C636_Q192L_3_readcounts,exp2,C636,Q192L,3,GtoC,0.010033444816053512,897,GtoC_Q192L
231018_Einstein_PY_015_C636_Q192L_3_readcounts,exp2,C636,Q192L,3,GtoU,0.043478260869565216,897,GtoU_Q192L
231018_Einstein_PY_015_C636_Q192L_3_readcounts,exp2,C636,Q192L,3,UtoA,0.0189520624303233,897,UtoA_Q192L
231018_Einstein_PY_015_C636_Q192L_3_readcounts,exp2,C636,Q192L,3,UtoC,0.16833890746934224,897,UtoC_Q192L
231018_Einstein_PY_015_C636_Q192L_3_readcounts,exp2,C636,Q192L,3,UtoG,0.0033444816053511705,897,UtoG_Q192L
231018_Einstein_PY_016_C636_C483Y_1_readcounts,exp2,C636,C483Y,1,AtoG,0.14814814814814814,729,AtoG_C483Y
231018_Einstein_PY_016_C636_C483Y_1_readcounts,exp2,C636,C483Y,1,AtoC,0.038408779149519894,729,AtoC_C483Y
231018_Einstein_PY_016_C636_C483Y_1_readcounts,exp2,C636,C483Y,1,AtoU,0.04938271604938271,729,AtoU_C483Y
231018_Einstein_PY_016_C636_C483Y_1_readcounts,exp2,C636,C483Y,1,CtoA,0.05486968449931413,729,CtoA_C483Y
231018_Einstein_PY_016_C636_C483Y_1_readcounts,exp2,C636,C483Y,1,CtoG,0.010973936899862825,729,CtoG_C483Y
231018_Einstein_PY_016_C636_C483Y_1_readcounts,exp2,C636,C483Y,1,CtoU,0.1934156378600823,729,CtoU_C483Y
231018_Einstein_PY_016_C636_C483Y_1_readcounts,exp2,C636,C483Y,1,GtoA,0.2935528120713306,729,GtoA_C483Y
231018_Einstein_PY_016_C636_C483Y_1_readcounts,exp2,C636,C483Y,1,GtoC,0.009602194787379973,729,GtoC_C483Y
231018_Einstein_PY_016_C636_C483Y_1_readcounts,exp2,C636,C483Y,1,GtoU,0.037037037037037035,729,GtoU_C483Y
231018_Einstein_PY_016_C636_C483Y_1_readcounts,exp2,C636,C483Y,1,UtoA,0.024691358024691357,729,UtoA_C483Y
231018_Einstein_PY_016_C636_C483Y_1_readcounts,exp2,C636,C483Y,1,UtoC,0.16049382716049382,729,UtoC_C483Y
231018_Einstein_PY_016_C636_C483Y_1_readcounts,exp2,C636,C483Y,1,UtoG,0.0054869684499314125,729,UtoG_C483Y
231018_Einstein_PY_017_C636_C483Y_2_readcounts,exp2,C636,C483Y,2,AtoG,0.13850063532401524,787,AtoG_C483Y
231018_Einstein_PY_017_C636_C483Y_2_readcounts,exp2,C636,C483Y,2,AtoC,0.05082592121982211,787,AtoC_C483Y
231018_Einstein_PY_017_C636_C483Y_2_readcounts,exp2,C636,C483Y,2,AtoU,0.045743329097839895,787,AtoU_C483Y
231018_Einstein_PY_017_C636_C483Y_2_readcounts,exp2,C636,C483Y,2,CtoA,0.052096569250317665,787,CtoA_C483Y
231018_Einstein_PY_017_C636_C483Y_2_readcounts,exp2,C636,C483Y,2,CtoG,0.007623888182973317,787,CtoG_C483Y
231018_Einstein_PY_017_C636_C483Y_2_readcounts,exp2,C636,C483Y,2,CtoU,0.21855146124523506,787,CtoU_C483Y
231018_Einstein_PY_017_C636_C483Y_2_readcounts,exp2,C636,C483Y,2,GtoA,0.2795425667090216,787,GtoA_C483Y
231018_Einstein_PY_017_C636_C483Y_2_readcounts,exp2,C636,C483Y,2,GtoC,0.008894536213468869,787,GtoC_C483Y
231018_Einstein_PY_017_C636_C483Y_2_readcounts,exp2,C636,C483Y,2,GtoU,0.035578144853875476,787,GtoU_C483Y
231018_Einstein_PY_017_C636_C483Y_2_readcounts,exp2,C636,C483Y,2,UtoA,0.022871664548919948,787,UtoA_C483Y
231018_Einstein_PY_017_C636_C483Y_2_readcounts,exp2,C636,C483Y,2,UtoC,0.15374841168996187,787,UtoC_C483Y
231018_Einstein_PY_017_C636_C483Y_2_readcounts,exp2,C636,C483Y,2,UtoG,0.007623888182973317,787,UtoG_C483Y
231018_Einstein_PY_018_C636_C483Y_3_readcounts,exp2,C636,C483Y,3,AtoG,0.15683646112600536,746,AtoG_C483Y
231018_Einstein_PY_018_C636_C483Y_3_readcounts,exp2,C636,C483Y,3,AtoC,0.05227882037533512,746,AtoC_C483Y
231018_Einstein_PY_018_C636_C483Y_3_readcounts,exp2,C636,C483Y,3,AtoU,0.04423592493297587,746,AtoU_C483Y
231018_Einstein_PY_018_C636_C483Y_3_readcounts,exp2,C636,C483Y,3,CtoA,0.04155495978552279,746,CtoA_C483Y
231018_Einstein_PY_018_C636_C483Y_3_readcounts,exp2,C636,C483Y,3,CtoG,0.006702412868632708,746,CtoG_C483Y
231018_Einstein_PY_018_C636_C483Y_3_readcounts,exp2,C636,C483Y,3,CtoU,0.1876675603217158,746,CtoU_C483Y
231018_Einstein_PY_018_C636_C483Y_3_readcounts,exp2,C636,C483Y,3,GtoA,0.29892761394101874,746,GtoA_C483Y
231018_Einstein_PY_018_C636_C483Y_3_readcounts,exp2,C636,C483Y,3,GtoC,0.00938337801608579,746,GtoC_C483Y
231018_Einstein_PY_018_C636_C483Y_3_readcounts,exp2,C636,C483Y,3,GtoU,0.028150134048257374,746,GtoU_C483Y
231018_Einstein_PY_018_C636_C483Y_3_readcounts,exp2,C636,C483Y,3,UtoA,0.029490616621983913,746,UtoA_C483Y
231018_Einstein_PY_018_C636_C483Y_3_readcounts,exp2,C636,C483Y,3,UtoC,0.1742627345844504,746,UtoC_C483Y
231018_Einstein_PY_018_C636_C483Y_3_readcounts,exp2,C636,C483Y,3,UtoG,0.005361930294906166,746,UtoG_C483Y
231018_Einstein_PY_019_RNA_WT_1_readcounts,exp2,RNA,WT,1,AtoG,0.12965050732807215,887,AtoG_WT
231018_Einstein_PY_019_RNA_WT_1_readcounts,exp2,RNA,WT,1,AtoC,0.07328072153325817,887,AtoC_WT
231018_Einstein_PY_019_RNA_WT_1_readcounts,exp2,RNA,WT,1,AtoU,0.02593010146561443,887,AtoU_WT
231018_Einstein_PY_019_RNA_WT_1_readcounts,exp2,RNA,WT,1,CtoA,0.05749718151071026,887,CtoA_WT
231018_Einstein_PY_019_RNA_WT_1_readcounts,exp2,RNA,WT,1,CtoG,0.006764374295377677,887,CtoG_WT
231018_Einstein_PY_019_RNA_WT_1_readcounts,exp2,RNA,WT,1,CtoU,0.1386696730552424,887,CtoU_WT
231018_Einstein_PY_019_RNA_WT_1_readcounts,exp2,RNA,WT,1,GtoA,0.3416009019165727,887,GtoA_WT
231018_Einstein_PY_019_RNA_WT_1_readcounts,exp2,RNA,WT,1,GtoC,0.02254791431792559,887,GtoC_WT
231018_Einstein_PY_019_RNA_WT_1_readcounts,exp2,RNA,WT,1,GtoU,0.06200676437429538,887,GtoU_WT
231018_Einstein_PY_019_RNA_WT_1_readcounts,exp2,RNA,WT,1,UtoA,0.02367531003382187,887,UtoA_WT
231018_Einstein_PY_019_RNA_WT_1_readcounts,exp2,RNA,WT,1,UtoC,0.14768883878241262,887,UtoC_WT
231018_Einstein_PY_019_RNA_WT_1_readcounts,exp2,RNA,WT,1,UtoG,0.005636978579481398,887,UtoG_WT
231018_Einstein_PY_020_RNA_Q192L_1_readcounts,exp2,RNA,Q192L,1,AtoG,0.12998266897746968,1154,AtoG_Q192L
231018_Einstein_PY_020_RNA_Q192L_1_readcounts,exp2,RNA,Q192L,1,AtoC,0.07885615251299827,1154,AtoC_Q192L
231018_Einstein_PY_020_RNA_Q192L_1_readcounts,exp2,RNA,Q192L,1,AtoU,0.018197573656845753,1154,AtoU_Q192L
231018_Einstein_PY_020_RNA_Q192L_1_readcounts,exp2,RNA,Q192L,1,CtoA,0.04246100519930676,1154,CtoA_Q192L
231018_Einstein_PY_020_RNA_Q192L_1_readcounts,exp2,RNA,Q192L,1,CtoG,0.011265164644714038,1154,CtoG_Q192L
231018_Einstein_PY_020_RNA_Q192L_1_readcounts,exp2,RNA,Q192L,1,CtoU,0.1195840554592721,1154,CtoU_Q192L
231018_Einstein_PY_020_RNA_Q192L_1_readcounts,exp2,RNA,Q192L,1,GtoA,0.3327556325823224,1154,GtoA_Q192L
231018_Einstein_PY_020_RNA_Q192L_1_readcounts,exp2,RNA,Q192L,1,GtoC,0.0658578856152513,1154,GtoC_Q192L
231018_Einstein_PY_020_RNA_Q192L_1_readcounts,exp2,RNA,Q192L,1,GtoU,0.08752166377816291,1154,GtoU_Q192L
231018_Einstein_PY_020_RNA_Q192L_1_readcounts,exp2,RNA,Q192L,1,UtoA,0.019064124783362217,1154,UtoA_Q192L
231018_Einstein_PY_020_RNA_Q192L_1_readcounts,exp2,RNA,Q192L,1,UtoC,0.12824956672443674,1154,UtoC_Q192L
231018_Einstein_PY_020_RNA_Q192L_1_readcounts,exp2,RNA,Q192L,1,UtoG,0.005199306759098786,1154,UtoG_Q192L
231018_Einstein_PY_021_RNA_C483Y_1_readcounts,exp2,RNA,C483Y,1,AtoG,0.1077943615257048,1206,AtoG_C483Y
231018_Einstein_PY_021_RNA_C483Y_1_readcounts,exp2,RNA,C483Y,1,AtoC,0.06550580431177445,1206,AtoC_C483Y
231018_Einstein_PY_021_RNA_C483Y_1_readcounts,exp2,RNA,C483Y,1,AtoU,0.02155887230514096,1206,AtoU_C483Y
231018_Einstein_PY_021_RNA_C483Y_1_readcounts,exp2,RNA,C483Y,1,CtoA,0.029850746268656716,1206,CtoA_C483Y
231018_Einstein_PY_021_RNA_C483Y_1_readcounts,exp2,RNA,C483Y,1,CtoG,0.005804311774461028,1206,CtoG_C483Y
231018_Einstein_PY_021_RNA_C483Y_1_readcounts,exp2,RNA,C483Y,1,CtoU,0.12769485903814262,1206,CtoU_C483Y
231018_Einstein_PY_021_RNA_C483Y_1_readcounts,exp2,RNA,C483Y,1,GtoA,0.3747927031509121,1206,GtoA_C483Y
231018_Einstein_PY_021_RNA_C483Y_1_readcounts,exp2,RNA,C483Y,1,GtoC,0.09038142620232173,1206,GtoC_C483Y
231018_Einstein_PY_021_RNA_C483Y_1_readcounts,exp2,RNA,C483Y,1,GtoU,0.087893864013267,1206,GtoU_C483Y
231018_Einstein_PY_021_RNA_C483Y_1_readcounts,exp2,RNA,C483Y,1,UtoA,0.02570480928689884,1206,UtoA_C483Y
231018_Einstein_PY_021_RNA_C483Y_1_readcounts,exp2,RNA,C483Y,1,UtoC,0.12023217247097844,1206,UtoC_C483Y
231018_Einstein_PY_021_RNA_C483Y_1_readcounts,exp2,RNA,C483Y,1,UtoG,0.004975124378109453,1206,UtoG_C483Y
