celltype,genotype,EXPERIMENT,freq_bin,n.x,value,n.y,value.sd,x
C636,C483Y,exp1,a_less_1,3,1129,3,312.4803993853054,C636_C483Y_exp1
C636,C483Y,exp1,b_one_to_five,3,0.6666666666666666,3,0.5773502691896257,C636_C483Y_exp1
C636,C483Y,exp1,c_greater_5,3,1,3,0,C636_C483Y_exp1
C636,C483Y,exp1,d_greater_10,3,0,3,0,C636_C483Y_exp1
C636,C483Y,exp2,a_less_1,3,751.6666666666666,3,30.23794525647094,C636_C483Y_exp2
C636,C483Y,exp2,b_one_to_five,3,2,3,1,C636_C483Y_exp2
C636,C483Y,exp2,c_greater_5,3,0.3333333333333333,3,0.5773502691896257,C636_C483Y_exp2
C636,C483Y,exp2,d_greater_10,3,0,3,0,C636_C483Y_exp2
C636,Q192L,exp1,a_less_1,3,940.6666666666666,3,235.92018424317436,C636_Q192L_exp1
C636,Q192L,exp1,b_one_to_five,3,2.3333333333333335,3,1.1547005383792515,C636_Q192L_exp1
C636,Q192L,exp1,c_greater_5,3,1,3,0,C636_Q192L_exp1
C636,Q192L,exp1,d_greater_10,3,0,3,0,C636_Q192L_exp1
C636,Q192L,exp2,a_less_1,3,914,3,19.519221295943137,C636_Q192L_exp2
C636,Q192L,exp2,b_one_to_five,3,2,3,1,C636_Q192L_exp2
C636,Q192L,exp2,c_greater_5,3,0.6666666666666666,3,0.5773502691896257,C636_Q192L_exp2
C636,Q192L,exp2,d_greater_10,3,0,3,0,C636_Q192L_exp2
C636,WT,exp1,a_less_1,3,885,3,29.715315916207253,C636_WT_exp1
C636,WT,exp1,b_one_to_five,3,1.6666666666666667,3,1.1547005383792515,C636_WT_exp1
C636,WT,exp1,c_greater_5,3,1,3,0,C636_WT_exp1
C636,WT,exp1,d_greater_10,3,0,3,0,C636_WT_exp1
C636,WT,exp2,a_less_1,3,707.3333333333334,3,43.015501081974314,C636_WT_exp2
C636,WT,exp2,b_one_to_five,3,2,3,0,C636_WT_exp2
C636,WT,exp2,c_greater_5,3,0,3,0,C636_WT_exp2
C636,WT,exp2,d_greater_10,3,0,3,0,C636_WT_exp2
P0stock,C483Y,exp2,a_less_1,1,1070,1,NA,P0stock_C483Y_exp2
P0stock,C483Y,exp2,b_one_to_five,1,3,1,NA,P0stock_C483Y_exp2
P0stock,C483Y,exp2,c_greater_5,1,0,1,NA,P0stock_C483Y_exp2
P0stock,C483Y,exp2,d_greater_10,1,0,1,NA,P0stock_C483Y_exp2
P0stock,Q192L,exp2,a_less_1,1,1127,1,NA,P0stock_Q192L_exp2
P0stock,Q192L,exp2,b_one_to_five,1,1,1,NA,P0stock_Q192L_exp2
P0stock,Q192L,exp2,c_greater_5,1,1,1,NA,P0stock_Q192L_exp2
P0stock,Q192L,exp2,d_greater_10,1,0,1,NA,P0stock_Q192L_exp2
P0stock,WT,exp2,a_less_1,1,972,1,NA,P0stock_WT_exp2
P0stock,WT,exp2,b_one_to_five,1,2,1,NA,P0stock_WT_exp2
P0stock,WT,exp2,c_greater_5,1,0,1,NA,P0stock_WT_exp2
P0stock,WT,exp2,d_greater_10,1,0,1,NA,P0stock_WT_exp2
plasmid,C483Y,exp1,a_less_1,1,152,1,NA,plasmid_C483Y_exp1
plasmid,C483Y,exp1,b_one_to_five,1,0,1,NA,plasmid_C483Y_exp1
plasmid,C483Y,exp1,c_greater_5,1,0,1,NA,plasmid_C483Y_exp1
plasmid,C483Y,exp1,d_greater_10,1,0,1,NA,plasmid_C483Y_exp1
plasmid,Q192L,exp1,a_less_1,1,171,1,NA,plasmid_Q192L_exp1
plasmid,Q192L,exp1,b_one_to_five,1,0,1,NA,plasmid_Q192L_exp1
plasmid,Q192L,exp1,c_greater_5,1,0,1,NA,plasmid_Q192L_exp1
plasmid,Q192L,exp1,d_greater_10,1,0,1,NA,plasmid_Q192L_exp1
plasmid,WT,exp1,a_less_1,1,118,1,NA,plasmid_WT_exp1
plasmid,WT,exp1,b_one_to_five,1,0,1,NA,plasmid_WT_exp1
plasmid,WT,exp1,c_greater_5,1,0,1,NA,plasmid_WT_exp1
plasmid,WT,exp1,d_greater_10,1,0,1,NA,plasmid_WT_exp1
RNA,C483Y,exp1,a_less_1,1,1424,1,NA,RNA_C483Y_exp1
RNA,C483Y,exp1,b_one_to_five,1,14,1,NA,RNA_C483Y_exp1
RNA,C483Y,exp1,c_greater_5,1,1,1,NA,RNA_C483Y_exp1
RNA,C483Y,exp1,d_greater_10,1,0,1,NA,RNA_C483Y_exp1
RNA,C483Y,exp2,a_less_1,1,1202,1,NA,RNA_C483Y_exp2
RNA,C483Y,exp2,b_one_to_five,1,4,1,NA,RNA_C483Y_exp2
RNA,C483Y,exp2,c_greater_5,1,0,1,NA,RNA_C483Y_exp2
RNA,C483Y,exp2,d_greater_10,1,0,1,NA,RNA_C483Y_exp2
RNA,Q192L,exp1,a_less_1,1,1165,1,NA,RNA_Q192L_exp1
RNA,Q192L,exp1,b_one_to_five,1,3,1,NA,RNA_Q192L_exp1
RNA,Q192L,exp1,c_greater_5,1,1,1,NA,RNA_Q192L_exp1
RNA,Q192L,exp1,d_greater_10,1,0,1,NA,RNA_Q192L_exp1
RNA,Q192L,exp2,a_less_1,1,1150,1,NA,RNA_Q192L_exp2
RNA,Q192L,exp2,b_one_to_five,1,4,1,NA,RNA_Q192L_exp2
RNA,Q192L,exp2,c_greater_5,1,0,1,NA,RNA_Q192L_exp2
RNA,Q192L,exp2,d_greater_10,1,0,1,NA,RNA_Q192L_exp2
RNA,WT,exp1,a_less_1,1,851,1,NA,RNA_WT_exp1
RNA,WT,exp1,b_one_to_five,1,1,1,NA,RNA_WT_exp1
RNA,WT,exp1,c_greater_5,1,1,1,NA,RNA_WT_exp1
RNA,WT,exp1,d_greater_10,1,0,1,NA,RNA_WT_exp1
RNA,WT,exp2,a_less_1,1,885,1,NA,RNA_WT_exp2
RNA,WT,exp2,b_one_to_five,1,2,1,NA,RNA_WT_exp2
RNA,WT,exp2,c_greater_5,1,0,1,NA,RNA_WT_exp2
RNA,WT,exp2,d_greater_10,1,0,1,NA,RNA_WT_exp2
U2OS,C483Y,exp1,a_less_1,3,992.6666666666666,3,34.01960219246153,U2OS_C483Y_exp1
U2OS,C483Y,exp1,b_one_to_five,3,1.6666666666666667,3,1.5275252316519468,U2OS_C483Y_exp1
U2OS,C483Y,exp1,c_greater_5,3,1,3,0,U2OS_C483Y_exp1
U2OS,C483Y,exp1,d_greater_10,3,0,3,0,U2OS_C483Y_exp1
U2OS,C483Y,exp2,a_less_1,3,882.3333333333334,3,67.00248751601193,U2OS_C483Y_exp2
U2OS,C483Y,exp2,b_one_to_five,3,2.3333333333333335,3,0.5773502691896257,U2OS_C483Y_exp2
U2OS,C483Y,exp2,c_greater_5,3,0,3,0,U2OS_C483Y_exp2
U2OS,C483Y,exp2,d_greater_10,3,0,3,0,U2OS_C483Y_exp2
U2OS,Q192L,exp1,a_less_1,3,1110.6666666666667,3,106.00628912160511,U2OS_Q192L_exp1
U2OS,Q192L,exp1,b_one_to_five,3,2.3333333333333335,3,0.5773502691896257,U2OS_Q192L_exp1
U2OS,Q192L,exp1,c_greater_5,3,1,3,0,U2OS_Q192L_exp1
U2OS,Q192L,exp1,d_greater_10,3,0,3,0,U2OS_Q192L_exp1
U2OS,Q192L,exp2,a_less_1,3,1040.3333333333333,3,44.09459528483432,U2OS_Q192L_exp2
U2OS,Q192L,exp2,b_one_to_five,3,2,3,0,U2OS_Q192L_exp2
U2OS,Q192L,exp2,c_greater_5,3,0,3,0,U2OS_Q192L_exp2
U2OS,Q192L,exp2,d_greater_10,3,0,3,0,U2OS_Q192L_exp2
U2OS,WT,exp1,a_less_1,3,1002,3,34.17601498127012,U2OS_WT_exp1
U2OS,WT,exp1,b_one_to_five,3,1.6666666666666667,3,1.1547005383792515,U2OS_WT_exp1
U2OS,WT,exp1,c_greater_5,3,1,3,0,U2OS_WT_exp1
U2OS,WT,exp1,d_greater_10,3,0,3,0,U2OS_WT_exp1
U2OS,WT,exp2,a_less_1,3,779.3333333333334,3,18.556220879622373,U2OS_WT_exp2
U2OS,WT,exp2,b_one_to_five,3,2.3333333333333335,3,0.5773502691896257,U2OS_WT_exp2
U2OS,WT,exp2,c_greater_5,3,0,3,0,U2OS_WT_exp2
U2OS,WT,exp2,d_greater_10,3,0,3,0,U2OS_WT_exp2
